token	corpus_slbl_historique	corpus_discours
(	328	0
)	328	0
,	147	0
.	106	0
高昌	64	0
壁画	63	0
公元	62	0
罽	56	0
石窟	54	0
第	53	0
传	51	0
龟兹	50	0
希腊人	42	0
宾	42	0
艺术	40	0
页	39	0
钱币	39	0
身毒	39	0
于阗	36	0
王	36	0
汉书	35	0
波斯	34	0
出现	33	0
商人	31	0
王朝	31	0
后汉书	31	0
月氏	31	0
遗址	31	0
于阗国	30	0
汉朝	29	0
据	29	0
条	27	0
帝国	27	0
唐朝	27	0
大月氏	26	0
出土	26	0
和田	26	0
合浦	26	0
/	25	0
日本	25	0
可能	25	0
匈奴	25	0
控制	25	0
班超	25	0
国王	25	0
裸体	24	0
特里亚	24	0
描绘	24	0
巴克	24	0
中原	24	0
天竺	24	0
诸国	23	0
路线	23	0
南道	23	0
西汉	23	0
汉武帝	23	0
开通	23	0
统治	22	0
西北	22	0
徐闻	22	0
大夏	22	0
班固	22	0
最为	21	0
王国	21	0
传说	21	0
东汉	21	0
西行	20	0
西北部	20	0
克孜尔	19	0
唐代	19	0
希腊	19	0
大宛	19	0
莫高窟	19	0
关于	19	0
风格	19	0
唐太宗	18	0
北	18	0
河西走廊	18	0
阗	18	0
始发	18	0
罗马帝国	18	0
…	18	0
阿富汗	18	0
都城	17	0
另外	17	0
佛像	17	0
说法	17	0
史记	17	0
葱岭	17	0
西	17	0
资料	17	0
the	17	0
却	17	0
来源	17	0
虽然	17	0
画面	16	0
德国	16	0
～	16	0
地理	16	0
李希霍芬	16	0
犍	16	0
陀罗	16	0
疏勒	16	0
内地	15	0
各地	15	0
西南	15	0
甚至	15	0
乌	15	0
东	15	0
高昌国	15	0
麹	15	0
记述	15	0
海外	15	0
盆地	15	0
寺院	15	0
帕提亚	15	0
南方	15	0
The	15	0
因此	14	0
物品	14	0
而且	14	0
玉石	14	0
在位	14	0
长	14	0
鄯善	14	0
因	14	0
两汉	14	0
汉	13	0
列传	13	0
除了	13	0
沿	13	0
之后	13	0
玉门关	13	0
派	13	0
地中海	13	0
一时期	13	0
地理学家	13	0
范晔	13	0
出产	13	0
所以	13	0
南北朝	13	0
城	13	0
高附	13	0
二年	13	0
明州	13	0
流行	13	0
此地	13	0
详细	13	0
直接	13	0
南	12	0
富庶	12	0
佛事	12	0
甘肃	12	0
美玉	12	0
指	12	0
见	12	0
南海	12	0
东西	12	0
北道	12	0
洞窟	12	0
交通路线	12	0
古罗马	12	0
文书	12	0
非常	12	0
其后	12	0
郡	12	0
航行	12	0
因为	12	0
离	11	0
大致	11	0
中期	11	0
左右	11	0
希腊化	11	0
以前	11	0
此外	11	0
玄奘	11	0
游牧民族	11	0
马	11	0
秅	11	0
遣使	11	0
Soter	11	0
乌弋山	11	0
pp	11	0
Megas	11	0
8	11	0
蚕种	11	0
至少	10	0
赴	10	0
衰落	10	0
迅速	10	0
公主	10	0
蚕丝	10	0
提到	10	0
境内	10	0
赏赐	10	0
中亚地区	10	0
已有	10	0
大港	10	0
and	10	0
悬度	10	0
外来	10	0
珍贵	10	0
昆仑山	10	0
以东	10	0
我国	10	0
历代	10	0
"	10	0
of	10	0
伊朗	10	0
阳关	10	0
比较	10	0
青海	10	0
窟	10	0
作	10	0
原来	10	0
斯坦因	10	0
骑马	9	0
大概	9	0
柔然	9	0
艺术风格	9	0
贞观	9	0
盛行	9	0
昌城	9	0
此时	9	0
石窟群	9	0
兴盛	9	0
方位	9	0
似乎	9	0
此后	9	0
处于	9	0
图	9	0
先后	9	0
丝	9	0
较	9	0
交通线	9	0
25	9	0
色彩	9	0
p	9	0
衣服	9	0
汗国	9	0
城内	9	0
东段	9	0
文泰	9	0
开凿	9	0
派遣	9	0
绚丽多彩	9	0
商路	9	0
广东	9	0
菩萨	9	0
汉廷	9	0
出版	9	0
欧	9	0
者	9	0
直到	9	0
名称	9	0
昌盛	9	0
欧亚大陆	9	0
航线	9	0
大国	9	0
占据	9	0
变化	9	0
争夺	9	0
丝织品	9	0
征服	9	0
取代	9	0
斯基泰	9	0
陆路	8	0
司马迁	8	0
扩张	8	0
之地	8	0
物产	8	0
武威	8	0
元代	8	0
里斯	8	0
楼兰	8	0
几乎	8	0
中有	8	0
Indo	8	0
相当	8	0
首都	8	0
明显	8	0
东南	8	0
表现	8	0
整个	8	0
波斯湾	8	0
一般	8	0
叙利亚	8	0
大约	8	0
塔里木盆地	8	0
喀布尔	8	0
皇帝	8	0
巴基斯坦	8	0
一段	8	0
市舶司	8	0
属国	8	0
显然	8	0
所谓	8	0
安	8	0
东部	8	0
货物	8	0
现存	8	0
造船	8	0
大都	8	0
颇	8	0
家族	8	0
附近	8	0
汉文	8	0
é	8	0
可见	8	0
无名	8	0
库车	8	0
强盛	8	0
著作	8	0
建筑	7	0
东海	7	0
西安	7	0
另	7	0
本土	7	0
河口	7	0
不久	7	0
公里	7	0
W	7	0
莎车	7	0
宋代	7	0
来往	7	0
突厥	7	0
安史之乱	7	0
米	7	0
向西	7	0
意思	7	0
从而	7	0
注意	7	0
制品	7	0
击败	7	0
Cambridge	7	0
保存	7	0
无	7	0
镇	7	0
路上	7	0
Casson	7	0
后期	7	0
令	7	0
途经	7	0
情景	7	0
一种	7	0
结果	7	0
藏经洞	7	0
塞	7	0
规模宏大	7	0
天山	7	0
南下	7	0
命名	7	0
这位	7	0
阴末	7	0
统一	7	0
UniversityPress	7	0
然后	7	0
四年	7	0
南部	7	0
称	7	0
北麓	7	0
等等	7	0
文献	7	0
沿海	7	0
均	7	0
她们	7	0
Periplus	7	0
分为	7	0
特征	7	0
宗教信仰	7	0
犁	6	0
觐见	6	0
古墓	6	0
西段	6	0
戈壁	6	0
南宋	6	0
海丰	6	0
小乘	6	0
名城	6	0
供养人	6	0
龟兹王	6	0
河	6	0
未	6	0
户	6	0
扩建	6	0
;	6	0
三条	6	0
Maris	6	0
交易	6	0
志	6	0
丝织业	6	0
with	6	0
立下	6	0
线路	6	0
Commentary	6	0
张掖	6	0
中华书局	6	0
亦	6	0
唐宋	6	0
丰厚	6	0
作者	6	0
尤	6	0
记	6	0
Translation	6	0
西汉时	6	0
北凉	6	0
佛国	6	0
逾	6	0
于阗时	6	0
带	6	0
南行	6	0
西行求	6	0
糅合	6	0
节	6	0
维摩	6	0
罗布泊	6	0
封为	6	0
受	6	0
希腊语	6	0
陶瓷	6	0
千佛洞	6	0
回鹘	6	0
确实	6	0
波	6	0
外	6	0
阚爽	6	0
Strabo	6	0
飞天	6	0
Text	6	0
越	6	0
巴米	6	0
歌舞	6	0
西王母	6	0
丝线	6	0
兵丁	6	0
留存	6	0
布置	6	0
车师	6	0
遭到	6	0
Introduction	6	0
费尔干纳	6	0
至于	6	0
只能	6	0
Lionel	6	0
丰满	6	0
旅行	6	0
2400	6	0
艺术史	6	0
属	6	0
运	6	0
以西	6	0
发达	6	0
碎叶	6	0
法国	6	0
因素	6	0
Erythraei	6	0
故乡	6	0
大乘	6	0
外贸	6	0
十四年	6	0
衣料	6	0
广义	6	0
海路	6	0
名将	6	0
玉带	6	0
尉迟	6	0
斯特拉	6	0
绢	6	0
广泛传播	6	0
墓室	6	0
接触	6	0
占领	6	0
僧众	6	0
所说	6	0
往往	6	0
北宋	6	0
尤其	6	0
越葱岭	6	0
阿拉伯人	6	0
介绍	6	0
交汇	6	0
大将军	6	0
某	6	0
孔雀	6	0
诘	6	0
伊吾	6	0
详见	6	0
寺	6	0
居住	6	0
代表性	5	0
克拉	5	0
出口	5	0
相继	5	0
罗斯	5	0
六年	5	0
输入	5	0
北部	5	0
史上	5	0
行至	5	0
国土	5	0
士兵	5	0
游牧	5	0
文物	5	0
一世	5	0
一块	5	0
特殊	5	0
条支	5	0
史料	5	0
48	5	0
绝远	5	0
康居	5	0
是从	5	0
in	5	0
王小华	5	0
年间	5	0
莲花	5	0
因而	5	0
细布	5	0
责任编辑	5	0
丝质	5	0
两晋	5	0
乌孙	5	0
大象	5	0
中断	5	0
特点	5	0
考察	5	0
建国	5	0
复杂	5	0
绘画	5	0
里克	5	0
坦	5	0
Vima	5	0
西汉时期	5	0
古典	5	0
33	5	0
诸如	5	0
故城	5	0
帝王	5	0
北非	5	0
白龙堆	5	0
Bopearachchi	5	0
铜	5	0
大秦	5	0
中西	5	0
唐	5	0
便	5	0
东北	5	0
向东	5	0
考证	5	0
宣扬	5	0
对此	5	0
本地	5	0
此道	5	0
赛	5	0
口	5	0
以南	5	0
建有	5	0
种类	5	0
部落	5	0
该	5	0
乌头	5	0
内部	5	0
提德	5	0
日后	5	0
变得	5	0
简称	5	0
上古	5	0
显示	5	0
出售	5	0
王子	5	0
有所	5	0
其子	5	0
利润	5	0
使得	5	0
縣度	5	0
五千	5	0
历史背景	5	0
49	5	0
王室	5	0
库什	5	0
山	5	0
之前	5	0
63	5	0
克	5	0
蚕茧	5	0
传教	5	0
运用	5	0
头	5	0
繁盛	5	0
之外	5	0
遗迹	5	0
军事	5	0
出海	5	0
多种	5	0
塞斯	5	0
A	5	0
to	5	0
米南德	5	0
Greeks	5	0
宝石	5	0
西方人	5	0
华丽	5	0
丹丹	5	0
世纪末	5	0
人物	5	0
后裔	5	0
中印关系	5	0
后者	5	0
初年	5	0
蜀地	5	0
前后	5	0
蚕	5	0
知道	5	0
蚕桑	5	0
新疆地区	5	0
庆元	5	0
蒙古高原	5	0
占廷	5	0
无疑	5	0
韩国	5	0
文忠	5	0
幕为	5	0
一段时间	5	0
沿岸	5	0
1877	5	0
象牙	5	0
河南	5	0
看出	5	0
贵妇人	4	0
女性	4	0
既然	4	0
闻名于世	4	0
327	4	0
Eucratides	4	0
喜爱	4	0
侵入	4	0
气候	4	0
有名	4	0
灭亡	4	0
迁徙	4	0
骆驼	4	0
末年	4	0
永平	4	0
人像	4	0
余太山	4	0
古希腊	4	0
Geography	4	0
若羌	4	0
宏伟	4	0
印	4	0
碰撞	4	0
占有	4	0
基地	4	0
于贵霜	4	0
发掘	4	0
姑墨	4	0
缫丝	4	0
商道	4	0
玳瑁	4	0
库里	4	0
词	4	0
焉耆	4	0
割据	4	0
最有	4	0
Saka	4	0
逐步	4	0
垄断	4	0
运到	4	0
并非	4	0
宏大	4	0
费迪南	4	0
外交关系	4	0
重地	4	0
西藏	4	0
越窑	4	0
秦汉	4	0
只	4	0
奇妙	4	0
身体	4	0
后经	4	0
葬	4	0
一词	4	0
提及	4	0
藏	4	0
魏晋	4	0
出入	4	0
浓厚	4	0
墓	4	0
距	4	0
经由	4	0
地理位置	4	0
图像	4	0
bactriennes	4	0
商船	4	0
最终	4	0
1993	4	0
靬	4	0
珊瑚	4	0
安条克	4	0
第一次	4	0
中道	4	0
锡	4	0
中段	4	0
蕃	4	0
迫使	4	0
多件	4	0
高丽	4	0
北上	4	0
相似	4	0
grecques	4	0
冠以	4	0
冯	4	0
S	4	0
茧	4	0
担任	4	0
点	4	0
塔	4	0
co	4	0
历时	4	0
London	4	0
锡尔河	4	0
张一平	4	0
河北	4	0
吐谷浑	4	0
风帆	4	0
国道	4	0
西部	4	0
贩运	4	0
洛阳	4	0
三线	4	0
二者	4	0
伊拉克	4	0
证实	4	0
李氏	4	0
小国	4	0
O	4	0
方法	4	0
父子	4	0
丝织	4	0
哈拉	4	0
充分反映	4	0
长沙	4	0
Catalogue	4	0
3884	4	0
载	4	0
经济繁荣	4	0
丘	4	0
别国	4	0
相同	4	0
乳房	4	0
区别	4	0
阿克苏	4	0
不得而知	4	0
亚历山大城	4	0
阎膏珍	4	0
遗存	4	0
风俗习惯	4	0
中以	4	0
周穆王	4	0
极其重要	4	0
Hermaeus	4	0
47	4	0
东国	4	0
一点	4	0
便是	4	0
被称作	4	0
贵族	4	0
定于	4	0
织成	4	0
太守	4	0
佛法	4	0
展示	4	0
两条	4	0
诸	4	0
整理	4	0
India	4	0
奉献	4	0
基本上	4	0
琉古	4	0
攻打	4	0
专门	4	0
很快	4	0
张	4	0
张骞通	4	0
和田玉	4	0
率	4	0
雕塑	4	0
汉初	4	0
et	4	0
屯田	4	0
徐闻县	4	0
以往	4	0
一度	4	0
远远	4	0
德米特里	4	0
北新道	4	0
距今	4	0
多处	4	0
甘	4	0
西突厥	4	0
神话	4	0
精美	4	0
推行	4	0
数月	4	0
黄帝	4	0
帕米尔	4	0
1991	4	0
葡萄酒	4	0
画	4	0
称王	4	0
统治者	4	0
须弥山	4	0
干道	4	0
定居	4	0
会合	4	0
荷兰	4	0
题材	4	0
哈密	4	0
奉	4	0
路西	4	0
价格	4	0
瞿萨旦	4	0
采用	4	0
大汉	4	0
今日	4	0
应是	4	0
例如	4	0
塞人	4	0
贸易往来	4	0
阿姆河	4	0
新纪元	4	0
悠久	4	0
令人	4	0
相对	4	0
Monnaies	4	0
设在	4	0
上海博物馆	4	0
边缘	4	0
220	4	0
织造	4	0
厄立特里亚	4	0
青金石	4	0
那位	4	0
适合	4	0
遣唐使	4	0
参见	4	0
学术界	4	0
数量	4	0
兜	4	0
新石器	4	0
文为	4	0
位置	4	0
一书中	4	0
带有	4	0
一艘	4	0
五代	4	0
奇	4	0
商代	4	0
中原地区	4	0
相邻	4	0
东非	4	0
再度	4	0
汉使	4	0
159	4	0
古道	4	0
汤用彤	4	0
治所	4	0
西传	4	0
隋唐	4	0
四个	4	0
东起	4	0
穿	4	0
玉	3	0
一百年	3	0
匹绢	3	0
巨大作用	3	0
所知	3	0
官方	3	0
枸杞	3	0
高鼻深目	3	0
进出口	3	0
2921	3	0
艺术家	3	0
皮山	3	0
劳	3	0
塔克拉玛干大沙漠	3	0
惊人	3	0
实物	3	0
女娲	3	0
依附	3	0
贵重	3	0
499	3	0
人体	3	0
粟特文	3	0
便成	3	0
市舶	3	0
邑	3	0
全国	3	0
有时	3	0
晶莹	3	0
纺织	3	0
黄河流域	3	0
塑像	3	0
英雄	3	0
北魏太	3	0
λ	3	0
失掉	3	0
北凉王	3	0
之时	3	0
状态	3	0
络绎不绝	3	0
而来	3	0
大唐帝国	3	0
辅佐	3	0
听法	3	0
造诣	3	0
9670	3	0
咸和	3	0
欲滴	3	0
所灭	3	0
佛前	3	0
权力	3	0
联姻	3	0
部族	3	0
何为	3	0
卓	3	0
豪门	3	0
三年	3	0
似丹	3	0
正统	3	0
41	3	0
黄玉	3	0
仪式	3	0
写经	3	0
陵前	3	0
都护府	3	0
所绘舞	3	0
值得一提的是	3	0
安阳	3	0
此前	3	0
提举	3	0
关键点	3	0
记账	3	0
请	3	0
邻近地区	3	0
湾	3	0
大大	3	0
雄壮	3	0
总称	3	0
身	3	0
木构	3	0
前凉	3	0
装饰	3	0
巧妙	3	0
一蹶不振	3	0
汉人	3	0
西连	3	0
林立	3	0
性爱	3	0
耕作	3	0
宾王	3	0
马什哈德	3	0
汉港	3	0
纺织业	3	0
艳红	3	0
数十	3	0
2922	3	0
塞尔	3	0
东返	3	0
39	3	0
31	3	0
五个	3	0
讲经	3	0
推测	3	0
32000	3	0
1982	3	0
铺上	3	0
兴旺	3	0
分岔	3	0
踩	3	0
克什米尔地区	3	0
亚麻布	3	0
纺制	3	0
信奉	3	0
捐毒	3	0
安西	3	0
贵霜人	3	0
花鸟	3	0
男女	3	0
一处	3	0
画家	3	0
肥硕	3	0
航路	3	0
冬天	3	0
彩塑	3	0
伎	3	0
Bactriaand	3	0
描绘出	3	0
珍珠	3	0
起自	3	0
笔墨	3	0
兰州	3	0
阿斯塔那	3	0
福建	3	0
华夏文化	3	0
派兵	3	0
www	3	0
政治局面	3	0
杰作	3	0
塔恩	3	0
降伏	3	0
希腊式	3	0
活跃	3	0
伏羲	3	0
清楚	3	0
畅销	3	0
三国	3	0
发源	3	0
树脂	3	0
式	3	0
出行	3	0
敦煌学	3	0
曾多次	3	0
赫赫战功	3	0
玛瑙	3	0
较大	3	0
馈赠	3	0
汉魏	3	0
一百多年	3	0
此载	3	0
毒	3	0
造像	3	0
命	3	0
http	3	0
知晓	3	0
画像	3	0
世界性	3	0
于是	3	0
干鲜果品	3	0
骁卫	3	0
襟怀	3	0
No	3	0
吸收	3	0
美妙	3	0
战国时期	3	0
土崩瓦解	3	0
笔下	3	0
节日	3	0
指从	3	0
行像	3	0
族	3	0
关	3	0
ο	3	0
海之滨	3	0
欧亚非	3	0
不愧	3	0
矣	3	0
还分	3	0
献	3	0
性感	3	0
各式	3	0
少女	3	0
边疆	3	0
尉迟敬德	3	0
中后期	3	0
这时	3	0
杀	3	0
文字	3	0
王都	3	0
301	3	0
鸠	3	0
透露	3	0
排列	3	0
赶走	3	0
帛画	3	0
元素	3	0
地表	3	0
于阗河	3	0
206	3	0
玻璃	3	0
大臣	3	0
住宅	3	0
销往	3	0
一部	3	0
神像	3	0
其一	3	0
一门	3	0
中西合璧	3	0
其东通	3	0
座	3	0
遗物	3	0
四郡	3	0
言	3	0
成都	3	0
鲧	3	0
多样	3	0
91	3	0
历任	3	0
长达	3	0
唐天宝	3	0
坦荡	3	0
引进	3	0
氏	3	0
185	3	0
继位	3	0
留在	3	0
半裸	3	0
体形	3	0
元朝	3	0
雅丹	3	0
铅	3	0
郡县	3	0
早年	3	0
地名	3	0
玉龙	3	0
嘉	3	0
经变	3	0
诸多方面	3	0
盛大	3	0
余年	3	0
美国	3	0
蛹	3	0
长途贩运	3	0
很大	3	0
小规模	3	0
考虑	3	0
翠绿	3	0
丰茂	3	0
西经	3	0
珠帘	3	0
察哈台	3	0
且末	3	0
一部分	3	0
遣子入	3	0
com	3	0
画板	3	0
人体艺术	3	0
此类	3	0
有以	3	0
对外贸易	3	0
上台	3	0
扬州	3	0
器物	3	0
陇西	3	0
产物	3	0
故	3	0
卷发	3	0
礼遇	3	0
想	3	0
或作	3	0
史	3	0
白皙	3	0
ε	3	0
东渐	3	0
手法	3	0
此处	3	0
丝衣	3	0
侍	3	0
乌兹别克斯坦	3	0
外国人	3	0
洋洋大观	3	0
Harvard	3	0
西南部	3	0
阶下	3	0
与其	3	0
57	3	0
造型	3	0
汉族	3	0
特产	3	0
形貌	3	0
魔王	3	0
色泽	3	0
及金带	3	0
拉赫	3	0
圆润	3	0
长崎	3	0
玉器	3	0
生丝	3	0
毗	3	0
构图	3	0
不相上下	3	0
聚会	3	0
南线	3	0
文史	3	0
起国	3	0
没药	3	0
侍女	3	0
学家	3	0
中约	3	0
提倡	3	0
农具	3	0
高僧	3	0
沃土	3	0
东王公	3	0
传闻	3	0
自称为	3	0
掀开	3	0
磐	3	0
怛	3	0
58	3	0
举世罕见	3	0
伊斯坦布尔	3	0
番君	3	0
南移	3	0
余姚	3	0
隆重	3	0
千姿百态	3	0
遂	3	0
想像力	3	0
唐高宗	3	0
真实写照	3	0
让给	3	0
[	3	0
布帛	3	0
大批	3	0
赐姓	3	0
实际上	3	0
东征	3	0
横卧	3	0
谢	3	0
将领	3	0
蔡	3	0
归	3	0
大观	3	0
通路	3	0
前来	3	0
博带	3	0
塞种	3	0
茶叶	3	0
精绝	3	0
音译	3	0
管辖区	3	0
2700	3	0
Kabul	3	0
稳定下来	3	0
366	3	0
盛情款待	3	0
欧泰德姆斯	3	0
奄	3	0
宽衣	3	0
夸张	3	0
研究者	3	0
擅长	3	0
不仅仅	3	0
图中	3	0
高昌王	3	0
功德	3	0
听	3	0
摩	3	0
阿拉科	3	0
尉迟氏	3	0
艳丽	3	0
黑润	3	0
632	3	0
那个	3	0
文和	3	0
明末	3	0
横贯	3	0
黄如	3	0
攻灭	3	0
财富	3	0
Tochari	3	0
过渡	3	0
东传	3	0
2012	3	0
Histories	3	0
法状	3	0
大片	3	0
83000	3	0
常有	3	0
停留	3	0
奈良	3	0
很深	3	0
金银	3	0
南路	3	0
胡人	3	0
不过	3	0
伏羲女娲	3	0
请求	3	0
中途	3	0
渲染	3	0
肯定	3	0
黑海	3	0
官营	3	0
Richthofen	3	0
管辖	3	0
补给	3	0
头像	3	0
有无	3	0
唐军攻	3	0
神庙	3	0
正赶上	3	0
转	3	0
Ⅺ	3	0
汉族人	3	0
举世	3	0
呈现出	3	0
情怀	3	0
多平方米	3	0
多重	3	0
或是	3	0
大部分	3	0
德	3	0
毁弃	3	0
贩	3	0
Mass	3	0
一万余	3	0
摧毁	3	0
极为	3	0
常乐	3	0
长途	3	0
万	3	0
大型	3	0
作家	3	0
借助	3	0
重重叠叠	3	0
石刻	3	0
吐鲁番地区	3	0
以至于	3	0
唯一	3	0
Raisonn	3	0
番禺	3	0
绚丽	3	0
精兵	3	0
平定	3	0
一百多	3	0
敦煌石窟	3	0
交汇处	3	0
127	3	0
唐人	3	0
笔法	3	0
三危山	3	0
写照	3	0
492	3	0
如漆	3	0
护	3	0
一年一度	3	0
唐肃宗	3	0
曙	3	0
随唐	3	0
黄骅市	3	0
着意	3	0
Gr	3	0
统辖	3	0
王公贵族	3	0
三四	3	0
α	3	0
洁白	3	0
ν	3	0
闻名	3	0
阚伯周	3	0
棉布	3	0
学科	3	0
茶	3	0
必经之地	3	0
法显	3	0
东晋	3	0
武功	3	0
毫不掩饰	3	0
那里	3	0
直至	3	0
旦	3	0
尼雅	3	0
伸展到	3	0
种种	3	0
狱犯	3	0
推断	3	0
类似	3	0
M	3	0
塔克拉玛干沙漠	3	0
远销	3	0
局势	3	0
卓绝	3	0
19300	3	0
鸣沙山	3	0
围	3	0
琴棋	3	0
1988	3	0
大流士	3	0
欧洲人	3	0
故得	3	0
喀尔	3	0
粟特	3	0
此人	3	0
始建	3	0
译经	3	0
倾力	3	0
加之	3	0
问	3	0
发行	3	0
栩栩如生	3	0
详实	3	0
三角洲	3	0
正史	3	0
两道	3	0
呢	3	0
等级	3	0
战略要地	3	0
1600	3	0
女神	3	0
反复	3	0
治	3	0
天池	3	0
一个月	3	0
难	3	0
南洋	3	0
汉化	3	0
北魏	3	0
30000	3	0
行旅	3	0
北岸	3	0
苏合香	3	0
引起	3	0
65	3	0
尉迟乙僧	3	0
名扬四海	3	0
202	3	0
第七	3	0
容屈	3	0
殷墟	3	0
昔日	3	0
民丰	3	0
真正	3	0
罗什	3	0
南朝	3	0
昭陵	3	0
画廊	3	0
这块	3	0
跋质	3	0
骠骑	3	0
那国	3	0
注	3	0
观	3	0
棕肤	3	0
制成	3	0
转运	3	0
唐初	3	0
徐福	3	0
青瓷	3	0
唐军	3	0
厘米	3	0
海舶	3	0
瑰宝	3	0
始于	3	0
丰碑	3	0
尉迟胜	3	0
做成	3	0
所绘	3	0
沙门	3	0
万件	3	0
青釉	3	0
边境	3	0
审美观念	3	0
穿着	3	0
蜜蜡	3	0
佛教徒	3	0
阿育王	3	0
卡拉奇	3	0
西北地区	3	0
墓葬	3	0
窑	3	0
占	3	0
藩属	3	0
宴乐	3	0
东运之路	3	0
残片	3	0
东汉时期	3	0
臀部	3	0
秦锦褥	3	0
张骏	3	0
首次	3	0
供奉	3	0
帆	3	0
汉明帝	3	0
发音	3	0
休养生息	3	0
名贵	3	0
无价	3	0
锦袍	3	0
一件	3	0
有人	3	0
Demetrius	3	0
姿态	3	0
怀圣寺	3	0
行业	3	0
源源不断	3	0
乐女	3	0
波比	3	0
可达	3	0
河西	3	0
唐末	3	0
富丽堂皇	3	0
大水	3	0
Hunza	3	0
暑热	3	0
沉重打击	3	0
墓志	3	0
印绶	3	0
此名	3	0
西来	3	0
46	3	0
史学家	3	0
其郡治	3	0
或者	3	0
天水	3	0
外来文化	3	0
陪葬	3	0
准确	3	0
史籍	3	0
砖质	3	0
Taktu	3	0
越发	3	0
数万	3	0
精妙	3	0
密切关系	3	0
郡治	3	0
不朽	3	0
乃至	3	0
显而易见	3	0
乞丐	3	0
退出	3	0
右	3	0
62	3	0
石像	3	0
女子	3	0
较量	3	0
376	3	0
抗衡	3	0
增多	3	0
史书	3	0
王位	3	0
浇灌	3	0
西邻	3	0
场面	3	0
东至	3	0
仅仅	3	0
上半身	3	0
?	3	0
45000	3	0
轰动	3	0
大胆	3	0
羊脂玉	3	0
固原	3	0
迁移	3	0
和田河	3	0
其造金	3	0
于阗王	3	0
精心	3	0
114	3	0
名为	3	0
刻立	3	0
伊犁	3	0
这样一来	3	0
无存	3	0
良田	3	0
3300	3	0
著	3	0
明	3	0
宝库	3	0
13000	3	0
载去	3	0
行驶	3	0
信德	3	0
天然	3	0
北部湾	3	0
世俗	3	0
神话故事	3	0
字样	3	0
弯曲	3	0
其妻	3	0
联合国教科文组织	3	0
传神	3	0
铁	3	0
通行	3	0
水草	3	0
&	3	0
唐皇	3	0
蔚然	3	0
Kushan	3	0
狮子座	3	0
封	3	0
阿修罗	3	0
商业贸易	3	0
型	3	0
战功	3	0
英	3	0
船舶	3	0
九真府	2	0
145	2	0
杀伐	2	0
天青石	2	0
东北方向	2	0
港之争	2	0
阿尔金山	2	0
1070	2	0
秦始皇	2	0
66	2	0
Philippic	2	0
166	2	0
夺取	2	0
地理环境	2	0
内乱	2	0
皮革	2	0
Serie	2	0
府	2	0
战火	2	0
不及	2	0
I	2	0
品种	2	0
真实性	2	0
城郭	2	0
毫无疑问	2	0
软玉	2	0
恢复	2	0
面积	2	0
卢	2	0
沿路	2	0
小	2	0
119	2	0
81	2	0
山西	2	0
中东	2	0
偶尔	2	0
antimony	2	0
36	2	0
139	2	0
Princeton	2	0
具备	2	0
侧面	2	0
打败	2	0
34	2	0
制作	2	0
大宛国	2	0
肥沃	2	0
1965	2	0
通称	2	0
汉元帝	2	0
确切	2	0
兴都	2	0
前身	2	0
传中	2	0
运往	2	0
战火纷飞	2	0
椭圆形	2	0
die	2	0
2nd	2	0
汉墓	2	0
轮廓	2	0
意味着	2	0
自称	2	0
间接	2	0
Ser	2	0
本文	2	0
军队	2	0
争斗	2	0
西宁	2	0
昆山之玉	2	0
断然	2	0
朝代	2	0
南北	2	0
330	2	0
马其顿	2	0
绿松石	2	0
第一手	2	0
语言	2	0
之物	2	0
巴米扬	2	0
130	2	0
Cina	2	0
Andhras	2	0
伊犁河	2	0
桑叶	2	0
卷	2	0
耳闻	2	0
155	2	0
监领	2	0
五谷	2	0
最具	2	0
桓帝	2	0
silk	2	0
详	2	0
中线	2	0
长江	2	0
珍物	2	0
前者	2	0
三个	2	0
典型	2	0
主港	2	0
合并	2	0
携带	2	0
武荣州	2	0
⑩	2	0
陈四朝	2	0
求婚	2	0
到处	2	0
船	2	0
glass	2	0
地中海地区	2	0
继承者	2	0
元年	2	0
茧壳	2	0
汉宣帝	2	0
诏令	2	0
尉犁	2	0
城置	2	0
深受	2	0
时断时续	2	0
西班牙	2	0
类型	2	0
北路	2	0
之南	2	0
起到	2	0
59	2	0
产量	2	0
制丝	2	0
商	2	0
多月	2	0
建元	2	0
Asii	2	0
哪里	2	0
木桨	2	0
分裂	2	0
连年	2	0
2920	2	0
定位	2	0
原	2	0
银	2	0
170	2	0
登岸	2	0
出自	2	0
背景	2	0
官员	2	0
开来	2	0
这么	2	0
隔绝	2	0
然而	2	0
海岸	2	0
李铁	2	0
之属者	2	0
人头	2	0
重建	2	0
珠崖	2	0
山区	2	0
近代	2	0
一旦	2	0
传要	2	0
中南半岛	2	0
壮观	2	0
今锡斯坦	2	0
Trogus	2	0
35	2	0
半岛	2	0
75	2	0
前期	2	0
传言	2	0
不详	2	0
分	2	0
砂金	2	0
将军	2	0
加入	2	0
面貌	2	0
佛教史	2	0
被迫	2	0
关卡	2	0
终点	2	0
以外	2	0
最远	2	0
Kadphises	2	0
残留	2	0
搞笑	2	0
行	2	0
百	2	0
作黎轩	2	0
两河	2	0
前去	2	0
1975	2	0
西岸	2	0
下游	2	0
考察船	2	0
南麓	2	0
Press	2	0
所在地	2	0
coral	2	0
B	2	0
汉关	2	0
灭	2	0
Banerjee	2	0
奥帕特拉	2	0
③	2	0
其名	2	0
转动	2	0
加工	2	0
难兜	2	0
凭借	2	0
麻布	2	0
航海技术	2	0
克里米亚半岛	2	0
两浙	2	0
其俗	2	0
加上	2	0
43	2	0
壶	2	0
出土文物	2	0
实为	2	0
布	2	0
服装	2	0
成批生产	2	0
动乱	2	0
索尔	2	0
季风	2	0
东面	2	0
买	2	0
Hill	2	0
狄俄斯	2	0
中南	2	0
据此	2	0
产自	2	0
至康居	2	0
弟弟	2	0
其西迁	2	0
艰难	2	0
授	2	0
清真寺	2	0
28	2	0
长时间	2	0
洲	2	0
乡	2	0
谢罪	2	0
by	2	0
碑	2	0
大唐	2	0
应有	2	0
编著	2	0
故称	2	0
金城	2	0
交流史	2	0
自此	2	0
数百	2	0
海陆	2	0
乳香	2	0
⑤	2	0
车师前	2	0
简单	2	0
3169	2	0
译	2	0
边关	2	0
使臣	2	0
贩卖	2	0
航道	2	0
浮屠	2	0
3901	2	0
内河	2	0
南北方	2	0
光塔	2	0
佉	2	0
相传	2	0
周围	2	0
人面	2	0
五十里	2	0
而后	2	0
数千	2	0
161	2	0
Ⅶ	2	0
泾川	2	0
蛾	2	0
松香	2	0
断绝关系	2	0
咬破	2	0
梳理	2	0
yarn	2	0
Tam	2	0
三百	2	0
瓦当	2	0
之名	2	0
松油	2	0
水	2	0
人民网	2	0
版图	2	0
正仓院	2	0
诸蕃	2	0
频道	2	0
往来于	2	0
炫耀	2	0
明帝	2	0
揭开	2	0
Narain	2	0
树叶	2	0
香草	2	0
都尉	2	0
元狩	2	0
肇始	2	0
汉成帝	2	0
兴建	2	0
破	2	0
据说	2	0
旅行者	2	0
驱逐	2	0
楚王	2	0
哪些	2	0
持久	2	0
大兵	2	0
历史学家	2	0
汉哀帝	2	0
曰	2	0
空前	2	0
求法	2	0
OF	2	0
24	2	0
奇物	2	0
晚期	2	0
topaz	2	0
雏形	2	0
von	2	0
勃兴	2	0
五里	2	0
金	2	0
地处	2	0
寻求	2	0
船只	2	0
44	2	0
实地	2	0
向上	2	0
附	2	0
⑦	2	0
渚	2	0
54	2	0
阿拉伯半岛	2	0
传至	2	0
碎片	2	0
接	2	0
特	2	0
相接	2	0
方士	2	0
浙江	2	0
45	2	0
身份	2	0
海船	2	0
450	2	0
期	2	0
Publication	2	0
•	2	0
朝鲜	2	0
东岸	2	0
湖畔	2	0
地点	2	0
成海	2	0
兼	2	0
⑥	2	0
时属	2	0
改为	2	0
青铜器	2	0
连	2	0
52	2	0
Sacarauli	2	0
Barygaza	2	0
测定	2	0
陆地	2	0
周边	2	0
带给	2	0
而度	2	0
开洋	2	0
118	2	0
致命	2	0
来看	2	0
畹	2	0
驴	2	0
斯里兰卡	2	0
归属	2	0
处理	2	0
根本	2	0
二十余	2	0
药材	2	0
称之为	2	0
有东	2	0
Pompeius	2	0
库尔勒	2	0
定为	2	0
亚那	2	0
锑	2	0
3882	2	0
最迟在	2	0
时合	2	0
宋末	2	0
杖	2	0
考古学家	2	0
绸缎	2	0
经商	2	0
同一	2	0
经渠	2	0
怎样	2	0
驶抵	2	0
Seidenstrasse	2	0
益州	2	0
丝带	2	0
吉林大学	2	0
苏厉	2	0
信道	2	0
红海	2	0
11.1	2	0
蛆	2	0
部分	2	0
该国	2	0
J	2	0
41.6	2	0
理由	2	0
看来	2	0
板	2	0
中部	2	0
史学	2	0
季羡林	2	0
王系	2	0
顺风	2	0
è	2	0
Seistan	2	0
King	2	0
有别	2	0
Great	2	0
一股	2	0
运来	2	0
Ferdinand	2	0
饲养	2	0
聚居	2	0
独文为	2	0
城镇	2	0
冒险	2	0
看上去	2	0
试图	2	0
庞大	2	0
42	2	0
古代文明	2	0
教徒	2	0
帝时	2	0
传回	2	0
⑧	2	0
90	2	0
受命	2	0
交趾	2	0
1987	2	0
图志	2	0
透过	2	0
迷失方向	2	0
早就	2	0
当年	2	0
87	2	0
咸海	2	0
三处	2	0
汇合	2	0
3889	2	0
依照	2	0
置	2	0
ji	2	0
家畜	2	0
阿列	2	0
宾之属	2	0
Ashoka	2	0
ā	2	0
4000	2	0
书籍	2	0
Indian	2	0
先进	2	0
纱	2	0
积极探索	2	0
侵占	2	0
产地	2	0
1943	2	0
山东	2	0
语焉不详	2	0
167	2	0
今属	2	0
之冕	2	0
雄黄	2	0
三史	2	0
狂热	2	0
高度发达	2	0
帽子	2	0
彼此间	2	0
女	2	0
查士丁	2	0
141	2	0
宋金	2	0
永元	2	0
明清	2	0
支那	2	0
白沙瓦	2	0
小亚细亚	2	0
船行	2	0
中央	2	0
数千里	2	0
3887	2	0
沙	2	0
托克马克	2	0
课题	2	0
蜀布	2	0
88	2	0
其国	2	0
102	2	0
本书	2	0
Alexander	2	0
大河	2	0
春秋时期	2	0
64	2	0
动物	2	0
贝鲁特	2	0
悬渡	2	0
铭	2	0
大于	2	0
废弃	2	0
78	2	0
前半期	2	0
换句话说	2	0
春秋战国	2	0
二世	2	0
楼船	2	0
Vol	2	0
上层	2	0
不止	2	0
Seleucid	2	0
作品	2	0
New	2	0
铭文	2	0
其二	2	0
海港	2	0
时分	2	0
耳闻目睹	2	0
演变	2	0
那些	2	0
话题	2	0
n	2	0
高超	2	0
亚	2	0
安定	2	0
一行	2	0
其国临	2	0
原因	2	0
树上	2	0
刺桐	2	0
可至	2	0
福建路	2	0
可靠	2	0
返回	2	0
Justinus	2	0
人之地	2	0
远洋航行	2	0
110	2	0
起着	2	0
安敦	2	0
可读	2	0
证据	2	0
控制权	2	0
交通要道	2	0
会稽	2	0
伊宁	2	0
松潘	2	0
牢固地	2	0
手工业	2	0
遣	2	0
乌鲁木齐	2	0
后世	2	0
忒	2	0
有过	2	0
诱惑力	2	0
宣慰	2	0
lycium	2	0
奢侈品	2	0
泰国	2	0
死	2	0
各段	2	0
相当规模	2	0
风气	2	0
国置	2	0
蒲寿庚	2	0
含义	2	0
Mukherjee	2	0
不程国	2	0
弱点	2	0
Epitome	2	0
西通	2	0
褐彩	2	0
油膏	2	0
刻	2	0
苏州	2	0
Gauranganath	2	0
en	2	0
足够	2	0
大多	2	0
②	2	0
吴国	2	0
启航	2	0
威尼斯	2	0
岭南	2	0
吞并	2	0
时机	2	0
纺织品	2	0
汉学家	2	0
天文学	2	0
陶壶	2	0
建造	2	0
宋	2	0
应为	2	0
坎大哈	2	0
铸造	2	0
除	2	0
97	2	0
卡	2	0
地貌	2	0
Pandya	2	0
29	2	0
接见	2	0
狭义	2	0
取而代之	2	0
地图	2	0
南入	2	0
盛唐	2	0
艰险	2	0
随后	2	0
末期	2	0
其钱	2	0
足见	2	0
外流	2	0
纤细	2	0
承认	2	0
Edicts	2	0
对象	2	0
童男	2	0
似	2	0
由汉	2	0
Panchalas	2	0
全盛时期	2	0
于康居	2	0
公墓	2	0
币	2	0
宾向	2	0
谢绝	2	0
河姆渡	2	0
蓬莱	2	0
赞成	2	0
World	2	0
92	2	0
替代	2	0
1974	2	0
①	2	0
僧人	2	0
半期	2	0
51	2	0
责编	2	0
柴达木盆地	2	0
属地	2	0
三十里	2	0
借	2	0
乘船	2	0
往	2	0
长盛不衰	2	0
两位	2	0
φ	2	0
之词	2	0
意味著	2	0
黄支	2	0
两条路线	2	0
丝织物	2	0
沿用至今	2	0
陶器	2	0
造船业	2	0
453	2	0
欧提德	2	0
Oxford	2	0
争论	2	0
龙涸	2	0
④	2	0
已知	2	0
三国志	2	0
大马士革	2	0
且	2	0
128	2	0
1989	2	0
研究成果	2	0
δ	2	0
皇道	2	0
宋齐梁	2	0
卑湿	2	0
clothing	2	0
购买	2	0
乘象	2	0
工商业	2	0
秦	2	0
北到	2	0
Seres	2	0
吉尔吉斯斯坦	2	0
来献	2	0
细薄	2	0
东郊	2	0
Rome	2	0
北线	2	0
达丽尔	2	0
入侵	2	0
罗	2	0
也许	2	0
]	2	0
中曾	2	0
吐蕃	2	0
thin	2	0
何时	2	0
多达	2	0
混同	2	0
布拉	2	0
图片	2	0
⑨	2	0
刻有	2	0
赵惠文	2	0
工艺	2	0
乌孙派	1	0
福斯塔	1	0
收集	1	0
由此可见	1	0
其兵弱	1	0
#	1	0
农民起义	1	0
犀角	1	0
晋安郡	1	0
前汉之时	1	0
123	1	0
三十年	1	0
哲学家	1	0
虎视眈眈	1	0
对汉	1	0
挖	1	0
勒	1	0
君主	1	0
盔	1	0
埃里	1	0
是不是	1	0
南迁	1	0
东进	1	0
beastcoins	1	0
Sacae	1	0
经之处	1	0
分水线	1	0
海西	1	0
捆	1	0
采	1	0
二百年	1	0
局限性	1	0
中多	1	0
清初	1	0
象林	1	0
历尽艰辛	1	0
地形	1	0
411	1	0
并流	1	0
西亚地区	1	0
Tarn	1	0
诏谕	1	0
可造	1	0
分崩离析	1	0
食	1	0
姆斯据	1	0
故据城	1	0
音	1	0
拒	1	0
贯朽	1	0
发觉	1	0
西扩	1	0
借此	1	0
七里	1	0
适航性	1	0
事件	1	0
豪绅	1	0
女神像	1	0
北与子合	1	0
素纱	1	0
应当	1	0
博斯普鲁斯海峡	1	0
之世	1	0
巨港	1	0
蓦	1	0
孟加拉	1	0
刘秀之子	1	0
得名	1	0
气象	1	0
宫廷	1	0
招募	1	0
565	1	0
州府	1	0
远处	1	0
零散	1	0
禅衣	1	0
拓至	1	0
耐渴	1	0
桃拔	1	0
西可达	1	0
数	1	0
华林寺	1	0
不算	1	0
注释	1	0
制御	1	0
即可	1	0
先是	1	0
时闽王	1	0
植桑	1	0
朝廷	1	0
1921	1	0
库	1	0
两大	1	0
贴切	1	0
克什米尔	1	0
立刻	1	0
滋益	1	0
详密	1	0
难点	1	0
稽	1	0
复合词	1	0
银器	1	0
贸易规模	1	0
南越国	1	0
提供者	1	0
金线	1	0
建	1	0
Calcutta	1	0
推想	1	0
桑	1	0
夷洲	1	0
非三	1	0
Budhist	1	0
产自今	1	0
名堂	1	0
日前	1	0
设置	1	0
以岁	1	0
该书	1	0
斯人	1	0
蒙元	1	0
Greek	1	0
软禁	1	0
朝	1	0
欲望	1	0
三流	1	0
可归为	1	0
托克玛	1	0
艳后	1	0
大众	1	0
贾因	1	0
统称	1	0
Pass	1	0
神秘	1	0
蜿蜒	1	0
危	1	0
此论	1	0
贫	1	0
界碑	1	0
南至	1	0
154	1	0
coins	1	0
绝佳	1	0
三位	1	0
占城	1	0
325	1	0
倾	1	0
兼并	1	0
'	1	0
断	1	0
211	1	0
clover	1	0
中印	1	0
六盘山	1	0
箫条	1	0
配偶	1	0
艺文志	1	0
多于	1	0
征收	1	0
甘愿	1	0
湛离	1	0
单列	1	0
永建	1	0
夏国	1	0
继	1	0
挖掘出	1	0
无失	1	0
世家	1	0
正法	1	0
参照	1	0
吴兴县	1	0
地区性	1	0
Paris	1	0
782	1	0
物种	1	0
僧侣	1	0
THESILKROAD	1	0
治国安邦	1	0
捐资	1	0
托勒密	1	0
No.1111	1	0
485	1	0
不愿	1	0
府库	1	0
后克利	1	0
Ancient	1	0
Antiquity	1	0
命人	1	0
匿名	1	0
1865	1	0
法令	1	0
阿里卡	1	0
他顾	1	0
用帛	1	0
算	1	0
苏丹	1	0
茧丝	1	0
博士生	1	0
身躯	1	0
之西	1	0
皮	1	0
便捷性	1	0
巨著	1	0
自商	1	0
染上	1	0
普通人	1	0
适中	1	0
令统	1	0
1862	1	0
旗帜	1	0
靠北	1	0
Phuryni	1	0
酒类	1	0
翻	1	0
必然	1	0
来远亭	1	0
数十吨	1	0
角落	1	0
船型	1	0
邪张	1	0
Merchant	1	0
这使	1	0
旋	1	0
麦积山	1	0
珠宝	1	0
分子	1	0
大型化	1	0
颇具规模	1	0
设法	1	0
甲骨文	1	0
城主之子	1	0
宝	1	0
宾之地	1	0
括号	1	0
可说是	1	0
远距离	1	0
徼	1	0
明州诣	1	0
虽不附	1	0
就读	1	0
广地	1	0
犀牛	1	0
南安	1	0
虚称	1	0
光武十王	1	0
盐	1	0
巴克特	1	0
甘和沙	1	0
知之甚少	1	0
物质交流	1	0
画版	1	0
需	1	0
懸	1	0
288	1	0
山西省	1	0
牙角到	1	0
初期	1	0
就断	1	0
邻国	1	0
迫切	1	0
行香碑	1	0
中越	1	0
席	1	0
1951	1	0
瀛洲	1	0
史册	1	0
接近	1	0
十余丈	1	0
治国	1	0
毡	1	0
或许	1	0
开元	1	0
首领	1	0
水晶石	1	0
引申	1	0
其使	1	0
Kandy	1	0
获取	1	0
Kujula	1	0
Pasiana	1	0
林	1	0
Takto	1	0
Polybius	1	0
局部地区	1	0
故土	1	0
儋耳	1	0
无色	1	0
萨克	1	0
or	1	0
通汉	1	0
当代	1	0
介入	1	0
鄙廪	1	0
消失	1	0
不同之处	1	0
皇权	1	0
沿海经济	1	0
组成	1	0
毾	1	0
实力	1	0
细绢	1	0
美	1	0
蚕神献丝	1	0
较浅	1	0
纱料	1	0
航抵	1	0
STUDY	1	0
但纳拉因	1	0
社会科学	1	0
某个	1	0
新知	1	0
坎贝湾	1	0
专卖	1	0
分水	1	0
于阗道	1	0
九	1	0
旅游区	1	0
有些	1	0
八景	1	0
依	1	0
唐船	1	0
都督府	1	0
从伯朗关	1	0
普遍存在	1	0
二十余日	1	0
章帝章	1	0
拘禁	1	0
郡发	1	0
Han	1	0
忘记	1	0
水陆交通	1	0
铜镜	1	0
可查	1	0
祭祀	1	0
大洲	1	0
建安	1	0
室	1	0
谦恭	1	0
波利斯	1	0
交替	1	0
tortoise	1	0
劳役	1	0
故谚	1	0
佛	1	0
新疆省	1	0
政治形势	1	0
Schoff	1	0
关系史	1	0
运入	1	0
Alexanderia	1	0
向南	1	0
由西向东	1	0
近距离	1	0
左边	1	0
Sea	1	0
790	1	0
1191	1	0
527	1	0
每磅	1	0
鱼	1	0
名僧	1	0
逐出	1	0
大本营	1	0
438	1	0
刊发	1	0
钦州	1	0
应经	1	0
转眼	1	0
领略	1	0
来语	1	0
导师	1	0
互相	1	0
奥巴	1	0
进而	1	0
可行	1	0
隋朝	1	0
如云	1	0
物质基础	1	0
这支	1	0
INTEGRAL	1	0
Map	1	0
Phryni	1	0
西迁	1	0
古称	1	0
转销	1	0
答应	1	0
as	1	0
开边	1	0
增减	1	0
哈密瓜	1	0
Broach	1	0
辖	1	0
不足为奇	1	0
主张	1	0
一切都在	1	0
也就是说	1	0
御道	1	0
南缘	1	0
费卢杰	1	0
魏略	1	0
恰恰	1	0
问佛道	1	0
毛毡	1	0
绿斑	1	0
八个	1	0
战记	1	0
弱则	1	0
环	1	0
忽必烈	1	0
最能体现	1	0
一方面	1	0
巷	1	0
打仗	1	0
八百	1	0
Marcus	1	0
plate	1	0
横行	1	0
葛尔	1	0
南障	1	0
批塞人	1	0
这则	1	0
Harappa	1	0
景卢受	1	0
甚	1	0
Nelcynda	1	0
外运	1	0
取高	1	0
登船	1	0
心中	1	0
乌即	1	0
ivory	1	0
共有	1	0
略大	1	0
污水	1	0
over	1	0
大君	1	0
这令	1	0
狄奥多	1	0
元帝	1	0
figured	1	0
篡位	1	0
二是	1	0
经久不衰	1	0
文明古国	1	0
自治	1	0
Society	1	0
Barbaricum	1	0
业已	1	0
围攻	1	0
财力物力	1	0
Kuhrt	1	0
宜官	1	0
侯官	1	0
3886	1	0
宾复	1	0
Muziris	1	0
2.9	1	0
回报	1	0
梁二平	1	0
沙林	1	0
白草	1	0
发行人	1	0
土生	1	0
综述	1	0
随行人员	1	0
生产成本	1	0
Aurel	1	0
没人敢	1	0
之初	1	0
桥船	1	0
湿热	1	0
彼时	1	0
迷恋着	1	0
海中	1	0
可见一斑	1	0
款	1	0
例子	1	0
陷于	1	0
有根有据	1	0
织物	1	0
哈拉帕	1	0
惨败	1	0
Dynasty	1	0
realgar	1	0
无牛	1	0
自然经济	1	0
击破	1	0
帮忙	1	0
科尼亚	1	0
沙埋	1	0
吕西斯	1	0
没人	1	0
刺史	1	0
cinapatta	1	0
护卫	1	0
加工型	1	0
铁和钢	1	0
平坦	1	0
劳狄凯亚	1	0
Battleof	1	0
变态	1	0
交通史	1	0
一时间	1	0
掳	1	0
论文集	1	0
转引	1	0
幸运	1	0
植物	1	0
朝鲜半岛	1	0
地下	1	0
傅毅	1	0
旅居	1	0
碳化	1	0
沿此	1	0
111	1	0
悉有	1	0
1st	1	0
头戴	1	0
Chap	1	0
清真	1	0
汉和帝	1	0
符拔	1	0
南端	1	0
法从	1	0
古代史	1	0
N	1	0
学界	1	0
西线	1	0
王大惊	1	0
背后	1	0
Ujjain	1	0
皇家	1	0
67	1	0
乘	1	0
升降	1	0
皇族	1	0
有元	1	0
中国北方地区	1	0
轻	1	0
htm	1	0
三种	1	0
康居复	1	0
风俗	1	0
马钱	1	0
指出	1	0
此为	1	0
一落千丈	1	0
巨万	1	0
39.49	1	0
大部	1	0
双峰骆驼	1	0
中山	1	0
条称	1	0
诸王	1	0
从天而降	1	0
实国	1	0
富商巨贾	1	0
考辨	1	0
对付	1	0
乌音	1	0
自然力	1	0
尖底	1	0
神爵	1	0
无国	1	0
屡居此	1	0
传来	1	0
手捧着	1	0
from	1	0
road	1	0
287	1	0
肃州	1	0
柱础	1	0
蚕卵	1	0
荒野	1	0
甘英	1	0
灵活	1	0
精锐	1	0
至兴	1	0
绮	1	0
并行	1	0
高昂	1	0
Jade	1	0
Orientales	1	0
Cinapatta	1	0
为名	1	0
单独	1	0
减少	1	0
奈良市	1	0
对应	1	0
李延孝	1	0
但此	1	0
中文	1	0
家小	1	0
西到	1	0
界河	1	0
力劝	1	0
孜孜不倦	1	0
形变	1	0
外奴	1	0
希至	1	0
率领	1	0
喇	1	0
小异	1	0
四道	1	0
渗入	1	0
彼方	1	0
皮宗驶达	1	0
兽皮	1	0
此洲	1	0
文雅	1	0
送给	1	0
anythinganywhere	1	0
秦通	1	0
珍品	1	0
应募	1	0
3885	1	0
婼	1	0
一半	1	0
前述	1	0
口授	1	0
几份	1	0
厘耶是	1	0
托斯	1	0
单峰骆驼	1	0
筋	1	0
1277	1	0
率先	1	0
译文	1	0
臣固	1	0
边上	1	0
--	1	0
tr	1	0
外涂	1	0
相当程度	1	0
做过	1	0
盖为	1	0
摘下	1	0
四王	1	0
多有	1	0
1176	1	0
Wheel	1	0
1905	1	0
故地	1	0
多为	1	0
充斥	1	0
事实上	1	0
湄南河	1	0
实则	1	0
一百五十里	1	0
五百余万	1	0
经高昌	1	0
葡萄牙	1	0
两宋时	1	0
流沙	1	0
声誉	1	0
地运来	1	0
飞速发展	1	0
官券	1	0
Moralia	1	0
时泉	1	0
陆道	1	0
先贤	1	0
烟消云散	1	0
腹地	1	0
弊政	1	0
收藏	1	0
随商	1	0
出手	1	0
戴	1	0
鲜鱼	1	0
汉军	1	0
列举	1	0
属会	1	0
建都	1	0
弄	1	0
发	1	0
还建	1	0
南至海	1	0
椟	1	0
银色	1	0
各异	1	0
数次	1	0
不避	1	0
色	1	0
热情	1	0
Von	1	0
不道德	1	0
Death	1	0
行政	1	0
私营	1	0
跨度	1	0
王作宝	1	0
检查	1	0
世系	1	0
安全性	1	0
诸香	1	0
幅宽	1	0
安置	1	0
越走越远	1	0
错译	1	0
僭	1	0
由海道	1	0
在此之前	1	0
苏萨	1	0
采集	1	0
三洲	1	0
稳固	1	0
失落	1	0
残骸	1	0
再发	1	0
揣测	1	0
东界	1	0
冯恩学	1	0
六个月	1	0
船纹	1	0
确非	1	0
解读	1	0
柔韧	1	0
五部	1	0
远古	1	0
indo	1	0
狄奥希索斯	1	0
清净寺	1	0
万平方公里	1	0
分置	1	0
初唐	1	0
颜料	1	0
联想	1	0
无常	1	0
唆	1	0
结构合理	1	0
运载工具	1	0
东下	1	0
需求	1	0
散居	1	0
Bolan	1	0
宾当	1	0
人参	1	0
踏出来	1	0
近来	1	0
正奉	1	0
阿斯特拉罕	1	0
往东	1	0
腰带	1	0
东端	1	0
尝居赛	1	0
王延彬任	1	0
新修	1	0
搞混	1	0
乳钉	1	0
褐绿斑	1	0
东北亚	1	0
四处	1	0
可种	1	0
阿拉伯文	1	0
Osmund	1	0
蜀物	1	0
168	1	0
四月	1	0
其西则	1	0
四十里	1	0
男士	1	0
鲜亮	1	0
二部	1	0
易名	1	0
匈	1	0
百石	1	0
备受	1	0
复沿	1	0
敌意	1	0
2919	1	0
storax	1	0
周回	1	0
外戚	1	0
法门寺	1	0
Chronology	1	0
许许多多	1	0
键	1	0
时刻	1	0
终究	1	0
纤维	1	0
次	1	0
勿	1	0
种桑	1	0
携	1	0
始信	1	0
更令	1	0
阻塞	1	0
莱利	1	0
中称	1	0
父亲	1	0
故得名	1	0
一下子	1	0
瞭解	1	0
更远	1	0
成年人	1	0
郁林	1	0
相对而言	1	0
帝纪	1	0
远道而来	1	0
年底	1	0
~	1	0
人称	1	0
懊悔	1	0
柏孜	1	0
行时	1	0
停顿	1	0
原产地	1	0
339	1	0
乾果	1	0
李处	1	0
raisonn	1	0
缫得	1	0
Reynal	1	0
叹为观止	1	0
Aurelius	1	0
387	1	0
街上	1	0
宋为始	1	0
却是	1	0
最上	1	0
总督	1	0
coinpics	1	0
清康熙	1	0
忽视	1	0
西洋	1	0
通常	1	0
欲拔	1	0
危之虑	1	0
邛竹杖	1	0
钱财	1	0
理所当然	1	0
塔吉克斯坦	1	0
弹性	1	0
同等	1	0
时任	1	0
塔克拉玛干	1	0
凡	1	0
821D	1	0
一篮	1	0
九个	1	0
汉时	1	0
家蚕	1	0
历	1	0
何来	1	0
从何而来	1	0
未尝	1	0
绞尽脑汁	1	0
燃料	1	0
防止	1	0
上刻	1	0
需要量	1	0
可信度	1	0
名列前茅	1	0
一一	1	0
魏书	1	0
耐饿	1	0
海丝主港	1	0
nard	1	0
利者	1	0
于武帝	1	0
译出	1	0
Spalyrios	1	0
蚕神	1	0
执政	1	0
别称	1	0
时代风貌	1	0
以讹传讹	1	0
辽	1	0
海岸线	1	0
Burstein	1	0
胸披	1	0
钺	1	0
勃泥	1	0
拿出	1	0
Amorgiam	1	0
323	1	0
做出	1	0
赫尔曼	1	0
Andhran	1	0
而绝	1	0
外衣	1	0
入海口	1	0
即位	1	0
盛装	1	0
反过来	1	0
故行	1	0
俘虏	1	0
闽	1	0
天圣	1	0
四人	1	0
中国社会科学出版社	1	0
1229	1	0
唐景云	1	0
内陆	1	0
靛蓝色	1	0
南州	1	0
泰彦	1	0
宗绍兴	1	0
有趣	1	0
4700	1	0
劫	1	0
Karyatid	1	0
丹阳	1	0
342	1	0
可知	1	0
什切青	1	0
不管怎样	1	0
Seaby	1	0
怀柔	1	0
准确性	1	0
头皮	1	0
另一方面	1	0
行进	1	0
钱山漾	1	0
享有	1	0
山居	1	0
放任政策	1	0
全盛	1	0
唐舶	1	0
马六甲	1	0
收录	1	0
马王堆	1	0
同代人	1	0
实利	1	0
赤岗	1	0
贾贩	1	0
陈陈相因	1	0
校	1	0
以归	1	0
好多	1	0
尔	1	0
同时代	1	0
1032	1	0
必然结果	1	0
战事	1	0
王而置	1	0
近邻	1	0
1992	1	0
材料	1	0
屯奇	1	0
鼎盛时期	1	0
第一类	1	0
西西里	1	0
词汇	1	0
人给家足	1	0
126	1	0
尽	1	0
秦国	1	0
KY	1	0
临	1	0
庶民	1	0
王国势力	1	0
熠熠生辉	1	0
132	1	0
que	1	0
留有	1	0
军人	1	0
Inc	1	0
此城	1	0
如何	1	0
高山	1	0
次要	1	0
精制	1	0
高仙芝	1	0
祖先	1	0
非常高兴	1	0
挫折	1	0
上书	1	0
尽可能	1	0
基督教徒	1	0
神仙	1	0
州治	1	0
坠者	1	0
翻译	1	0
反	1	0
wine	1	0
所写	1	0
邓竹	1	0
中提	1	0
固守	1	0
79	1	0
二次	1	0
允准	1	0
原料	1	0
节目	1	0
其它	1	0
罕萨	1	0
逐利	1	0
巴特农	1	0
广州港	1	0
管治	1	0
水中	1	0
其父	1	0
Kamboja	1	0
北京大学出版社	1	0
天价	1	0
战争	1	0
陈	1	0
压缩	1	0
沿海港口	1	0
盖此	1	0
Sri	1	0
玉门	1	0
交市	1	0
或曰	1	0
Amorgis	1	0
王公	1	0
两翼	1	0
|	1	0
游船	1	0
产自现	1	0
三联书店	1	0
单向	1	0
光学	1	0
长江下游	1	0
斋戒	1	0
Pl	1	0
尚	1	0
深入人心	1	0
更形	1	0
穆格山	1	0
超而过	1	0
桑养蚕	1	0
286	1	0
减弱	1	0
不敢	1	0
缺乏	1	0
远东	1	0
熙熙攘攘	1	0
郭璞	1	0
Prince	1	0
Calcutta1912	1	0
比附	1	0
小步	1	0
库尔	1	0
上升	1	0
呈瓜状	1	0
浮雕	1	0
Pliny	1	0
711	1	0
布尔	1	0
绝迹	1	0
地球	1	0
所经	1	0
加害	1	0
专题研究	1	0
臣服	1	0
穆天子	1	0
Sardis	1	0
朔方	1	0
统计	1	0
纳拉因	1	0
最先	1	0
1985	1	0
南亚地区	1	0
结果表明	1	0
推知	1	0
Antoninus	1	0
货布	1	0
至迟	1	0
布哈拉	1	0
金银铜铁	1	0
res	1	0
饮	1	0
附地	1	0
支出	1	0
从皮	1	0
尘封	1	0
风靡	1	0
每当	1	0
吧	1	0
舟师	1	0
穆罕默德	1	0
扫荡	1	0
Ocean	1	0
休循	1	0
此国	1	0
远达	1	0
轨迹	1	0
哥特	1	0
玉髓	1	0
1995	1	0
虚饰	1	0
民则	1	0
俱	1	0
合谋	1	0
闽越	1	0
民巧	1	0
Ⅹ	1	0
金所	1	0
沧州	1	0
游牧部落	1	0
日夜兼程	1	0
汗	1	0
生产能力	1	0
推定	1	0
无果	1	0
怨恨	1	0
清代	1	0
知其	1	0
嫘祖	1	0
事实	1	0
双向	1	0
开元寺	1	0
bu	1	0
蒂尔	1	0
所著	1	0
Hecatompylos	1	0
阿拉伯海	1	0
献丝	1	0
何乔远	1	0
非三洲	1	0
定海	1	0
胸	1	0
上衣	1	0
各条	1	0
数年	1	0
鱼米之乡	1	0
动脉	1	0
西夏	1	0
Beirut	1	0
浙江省	1	0
无边	1	0
攻克	1	0
大清	1	0
长史	1	0
帖	1	0
金银币	1	0
里亚蒂	1	0
富足	1	0
窃以为	1	0
飞跃	1	0
纹理	1	0
二贤	1	0
纺车	1	0
194	1	0
珠贝	1	0
武帝	1	0
看守	1	0
突破	1	0
动身	1	0
3164	1	0
书信	1	0
李绍潭	1	0
Yonaki	1	0
几代	1	0
简写	1	0
杨巨平	1	0
作坊	1	0
之康	1	0
军事力量	1	0
纳巴德	1	0
绣花	1	0
不复存在	1	0
称号	1	0
新奇	1	0
Watson	1	0
支	1	0
置身于	1	0
军于	1	0
玻璃器皿	1	0
维川县	1	0
周至	1	0
不仅如此	1	0
武器	1	0
为期	1	0
白色	1	0
艰难险阻	1	0
重仅	1	0
谈到	1	0
克山	1	0
所制	1	0
祈风	1	0
骚扰	1	0
称作	1	0
便捷	1	0
縣	1	0
大清国	1	0
电视台	1	0
夺回	1	0
Testament	1	0
延熹	1	0
内忧外患	1	0
逃出	1	0
随时随地	1	0
五千年	1	0
诸省	1	0
三十六	1	0
其乡慕	1	0
Gaofu	1	0
仍为	1	0
精湛	1	0
步入	1	0
Kushana	1	0
民俗	1	0
可惜	1	0
财	1	0
难以想象	1	0
元寿	1	0
Translated	1	0
想不到	1	0
翻开	1	0
女士	1	0
南门	1	0
东行	1	0
可考	1	0
荣耀	1	0
迁	1	0
邪	1	0
每发	1	0
累	1	0
壶式	1	0
瓜果	1	0
不通	1	0
极高	1	0
唐武德	1	0
雕文刻镂	1	0
蚕子	1	0
拆解	1	0
431	1	0
扶持	1	0
考察队	1	0
赫鲁德	1	0
为界	1	0
解作	1	0
千余年	1	0
赫卡	1	0
四路	1	0
并未	1	0
之东	1	0
派往	1	0
不时	1	0
肤浅	1	0
显学	1	0
侵	1	0
后渚港	1	0
扶风	1	0
坊	1	0
低微	1	0
章帝	1	0
浸泡	1	0
自日南	1	0
DIALOGUE	1	0
长洲岛	1	0
方丈	1	0
之粟	1	0
无力	1	0
甘州	1	0
科莱	1	0
转相	1	0
青	1	0
多少	1	0
途径	1	0
最初	1	0
Coinage	1	0
转手	1	0
1912	1	0
其次	1	0
两千年	1	0
七万	1	0
种	1	0
达摩	1	0
乐器	1	0
临安	1	0
Kaobu	1	0
尽满	1	0
竹杖	1	0
时来	1	0
1997	1	0
优秀	1	0
暂定	1	0
黄支国	1	0
因非	1	0
兵不至	1	0
386	1	0
而成	1	0
足以	1	0
可资	1	0
婆国	1	0
改途	1	0
王罗哲儿	1	0
使人	1	0
统统	1	0
147	1	0
脐眼	1	0
镇以	1	0
杭明	1	0
人之北	1	0
番	1	0
曾迁	1	0
身着	1	0
港古	1	0
求援	1	0
三江	1	0
强盗	1	0
新罗	1	0
人数	1	0
偷偷	1	0
2001	1	0
否认	1	0
雅尔	1	0
绳索	1	0
重大事件	1	0
余人	1	0
琐	1	0
三宝	1	0
策动	1	0
出版社	1	0
212	1	0
惟一	1	0
冲击	1	0
占卑	1	0
1958	1	0
契普腊姆	1	0
北方地区	1	0
丰功伟绩	1	0
位者	1	0
欲远	1	0
而弱	1	0
fu	1	0
修好	1	0
答	1	0
米左右	1	0
圣灵	1	0
多有汉	1	0
前向	1	0
ROADS	1	0
状	1	0
雅可波	1	0
Greece	1	0
富于	1	0
今坎贝湾	1	0
两艘	1	0
圣地	1	0
战国时代	1	0
筒瓦	1	0
之食	1	0
中土	1	0
已具	1	0
patta	1	0
提淘壶	1	0
超级	1	0
刺文	1	0
反叛	1	0
修复	1	0
行路	1	0
阙	1	0
由来已久	1	0
抱	1	0
熹	1	0
Samarkandto	1	0
Barbarikon	1	0
宁波府	1	0
亲朋好友	1	0
互证	1	0
多少年来	1	0
趁	1	0
路途	1	0
缝制	1	0
下属	1	0
生养	1	0
斯托芬	1	0
九年	1	0
明显增加	1	0
绕开	1	0
迪石	1	0
药品	1	0
天后宫	1	0
一是	1	0
孔道	1	0
东汉时代	1	0
普林尼	1	0
就是指	1	0
8.2	1	0
归国	1	0
草庵	1	0
杜钦	1	0
自设	1	0
越州	1	0
大受打击	1	0
王使	1	0
起可分	1	0
夏天	1	0
指南针	1	0
炳灵	1	0
水银	1	0
日多	1	0
等同于	1	0
任命	1	0
令人惊叹	1	0
课以重税	1	0
博士	1	0
佚名	1	0
异物	1	0
Plutarch	1	0
orpiment	1	0
千八百	1	0
塔利班	1	0
一亿	1	0
招宝待郎	1	0
观星	1	0
归附	1	0
教授	1	0
AD	1	0
双层	1	0
冕	1	0
看得见	1	0
顺	1	0
但终	1	0
顺逆	1	0
加反	1	0
极	1	0
希	1	0
From	1	0
H	1	0
各家	1	0
必经之路	1	0
Rev	1	0
右手	1	0
独木舟	1	0
局志	1	0
今拘弥	1	0
滘	1	0
高凉	1	0
出去	1	0
精神风貌	1	0
劳之时	1	0
ω	1	0
分南	1	0
玉蚕	1	0
迄今	1	0
东濒	1	0
古无轻	1	0
张骞所	1	0
列岛	1	0
毛织品	1	0
银币	1	0
仕尾岭	1	0
幼虫	1	0
任何	1	0
蚕织	1	0
东点	1	0
爱争	1	0
以逸待劳	1	0
书画	1	0
如东	1	0
之子班勇	1	0
亚历山大港	1	0
称谓	1	0
建于	1	0
山镇	1	0
航程	1	0
索格狄	1	0
莽平	1	0
含有	1	0
西达	1	0
wiki	1	0
残长	1	0
愿得生	1	0
海幢	1	0
三面	1	0
肋骨	1	0
耐旱	1	0
而定	1	0
宾贵霜	1	0
之钱	1	0
无法控制	1	0
此志	1	0
自西来	1	0
侄儿	1	0
有金	1	0
尝试	1	0
立阴末	1	0
Lexington	1	0
写道	1	0
第四代	1	0
墓地	1	0
戴上	1	0
之丹	1	0
建筑物	1	0
其四	1	0
250	1	0
Minnagar	1	0
精品	1	0
养蚕织	1	0
通身	1	0
作者简介	1	0
Palava	1	0
杀死	1	0
人先	1	0
重九	1	0
帕拉瓦	1	0
广远	1	0
象形文字	1	0
Amelie	1	0
可证	1	0
罗盘	1	0
数万家	1	0
专供	1	0
值得注意	1	0
田石间	1	0
内患	1	0
夜梦金人	1	0
同为	1	0
Duckworth	1	0
移	1	0
上半叶	1	0
不符	1	0
蒲陶	1	0
精	1	0
第四阶段	1	0
中央政府	1	0
一至	1	0
赵国	1	0
坟茔	1	0
库木吐	1	0
两束	1	0
此道者	1	0
共治者	1	0
出海口	1	0
远行	1	0
角逐	1	0
本名	1	0
Clarendon	1	0
王忠	1	0
方向性	1	0
1087	1	0
子	1	0
至塞	1	0
曲目	1	0
开端	1	0
错位	1	0
物则	1	0
可产	1	0
宋为	1	0
大翼	1	0
真实情况	1	0
观点	1	0
运达	1	0
绝域	1	0
光孝	1	0
69	1	0
临允	1	0
专制	1	0
谢弗	1	0
序幕	1	0
难有	1	0
会宁	1	0
七宝	1	0
不论是	1	0
陷入	1	0
应运而生	1	0
所作	1	0
波及	1	0
有刻	1	0
不想	1	0
三十一年	1	0
远胜	1	0
王治去	1	0
无此	1	0
为证	1	0
镌	1	0
忽	1	0
即便	1	0
雕版	1	0
品	1	0
纷争	1	0
136	1	0
人之口	1	0
卜	1	0
单靠	1	0
较完整	1	0
利亚	1	0
唯求	1	0
人工	1	0
托姆	1	0
莱	1	0
树林	1	0
宫室	1	0
杭缎	1	0
五年	1	0
拍摄	1	0
宽阔	1	0
县境	1	0
1869	1	0
奈良县	1	0
石山	1	0
名曰	1	0
近日	1	0
交河	1	0
三地	1	0
伊存	1	0
历久不衰	1	0
束缚	1	0
龟	1	0
称其为	1	0
闽书	1	0
赵德	1	0
高门大户	1	0
佛逝	1	0
Marc	1	0
新加坡	1	0
素绢	1	0
飞跃发展	1	0
Kaofu	1	0
从属关系	1	0
私印	1	0
仅存	1	0
大字	1	0
征伐	1	0
剽杀	1	0
180	1	0
三段	1	0
不连贯	1	0
庵	1	0
灿烂	1	0
走通	1	0
二十六年	1	0
羊毛	1	0
半世纪	1	0
错失	1	0
最多	1	0
丈夫	1	0
处立	1	0
王有	1	0
按	1	0
两端	1	0
罗纱	1	0
各种类型	1	0
自来	1	0
印刷	1	0
虽未	1	0
以北	1	0
那巴提	1	0
人时	1	0
奉献给	1	0
可信	1	0
大城	1	0
唐时	1	0
曲折	1	0
之佛统	1	0
缘	1	0
萨麻拉	1	0
无非	1	0
琼州	1	0
积极进取	1	0
1580	1	0
无功而返	1	0
达百	1	0
光泽	1	0
σ	1	0
84	1	0
九日山	1	0
关隘	1	0
直	1	0
白灰	1	0
旁	1	0
皮毛	1	0
73	1	0
矿石	1	0
逐站	1	0
9.15	1	0
沿著	1	0
大宗	1	0
杀生	1	0
乘机	1	0
321	1	0
随	1	0
丝帛	1	0
孟买	1	0
汗血	1	0
始	1	0
慑	1	0
特性	1	0
持矛	1	0
12000	1	0
景教	1	0
人巷	1	0
以汉为	1	0
缺水	1	0
早些	1	0
杀辱汉	1	0
金矿	1	0
逐步推进	1	0
历史事实	1	0
剌	1	0
须	1	0
梁	1	0
接壤	1	0
Prophthasia	1	0
露积	1	0
个别	1	0
退却	1	0
瓜州	1	0
人名	1	0
利害关系	1	0
之感	1	0
浮图	1	0
古迹	1	0
香药	1	0
该传	1	0
530	1	0
人俱来	1	0
雄威	1	0
偏安一隅	1	0
frankincense	1	0
85	1	0
当今	1	0
劳之子	1	0
未有	1	0
1957	1	0
赞不绝口	1	0
打前站	1	0
一人	1	0
绳纹	1	0
紧接	1	0
遮掩	1	0
富饶	1	0
向汉	1	0
北仑河	1	0
Pathians	1	0
想像	1	0
周斌	1	0
就让	1	0
总会	1	0
斯帕	1	0
相取	1	0
以取	1	0
Susan	1	0
自由自在	1	0
加其上	1	0
1575	1	0
果然	1	0
所指	1	0
官府	1	0
顺便	1	0
Flames	1	0
八口	1	0
低地	1	0
文景之治	1	0
霍克	1	0
当指	1	0
缯	1	0
艰深	1	0
所求	1	0
悠远	1	0
皮洛斯	1	0
放浪	1	0
不变	1	0
Gate	1	0
不胜枚举	1	0
三层	1	0
强得	1	0
Ven	1	0
火罗人	1	0
阿里	1	0
临水	1	0
昆明池	1	0
江	1	0
木	1	0
四贤	1	0
誉为	1	0
劝退	1	0
azes	1	0
Oct	1	0
Chola	1	0
夸大	1	0
古时候	1	0
高冕	1	0
分散	1	0
西欧国家	1	0
宾所能	1	0
犁轩	1	0
强权	1	0
求仙	1	0
牲畜	1	0
Later	1	0
失	1	0
德黑兰	1	0
织品	1	0
腹部	1	0
帕尔米	1	0
立国	1	0
木材	1	0
ii	1	0
一笔	1	0
吴凯	1	0
腊跋	1	0
小麦	1	0
不易	1	0
指令	1	0
筑野市	1	0
西式	1	0
一贤	1	0
艳	1	0
攻	1	0
521	1	0
王欲	1	0
人到	1	0
鉴于	1	0
106	1	0
抱以	1	0
概念	1	0
无可替代	1	0
发明	1	0
今为	1	0
瑞典	1	0
已贵	1	0
接着	1	0
极端	1	0
光孝寺	1	0
Kophene	1	0
犍为	1	0
宫殿	1	0
成熟	1	0
船内出	1	0
自日	1	0
未说明	1	0
红花	1	0
859	1	0
忠于	1	0
贵霜史	1	0
星宿	1	0
山墓	1	0
几十人	1	0
轻薄	1	0
材质	1	0
1225	1	0
疑为	1	0
北京出版社	1	0
Lanka	1	0
字句	1	0
接手	1	0
词源	1	0
下降	1	0
应有尽有	1	0
璀璨	1	0
晋人	1	0
远嫁	1	0
入京	1	0
靖远	1	0
silver	1	0
卒	1	0
飞龙	1	0
可点	1	0
而俱以	1	0
盘踞	1	0
左端	1	0
桓帝延	1	0
剧作家	1	0
开罗	1	0
饮食	1	0
萌芽	1	0
部将	1	0
阔户效	1	0
附比	1	0
横跨	1	0
西两织室	1	0
wikipedia	1	0
三贤	1	0
几百件	1	0
父	1	0
已近	1	0
象征	1	0
充溢	1	0
204	1	0
太斯	1	0
回文	1	0
内容提要	1	0
鲨鱼	1	0
盛产	1	0
相	1	0
左	1	0
千里	1	0
音直	1	0
所记	1	0
元佑	1	0
彭亨	1	0
斯	1	0
Sadashkana	1	0
至会稽	1	0
相承	1	0
不可避免	1	0
进军	1	0
竭力	1	0
时尚	1	0
山口	1	0
四明	1	0
若急	1	0
酷爱	1	0
归葬	1	0
合	1	0
稽市	1	0
翔实	1	0
乐都	1	0
珠江口	1	0
菩提	1	0
全国性	1	0
现属	1	0
一击	1	0
海禁	1	0
3170	1	0
Portraits	1	0
直航	1	0
饲叶	1	0
395	1	0
扑	1	0
方砖	1	0
有限	1	0
瓦尔	1	0
其地	1	0
230	1	0
两面	1	0
不必	1	0
171	1	0
克利	1	0
Erythraean	1	0
得益于	1	0
之称	1	0
钉子	1	0
头盔	1	0
第二位	1	0
说者	1	0
真里	1	0
海湾	1	0
linens	1	0
K	1	0
精神可嘉	1	0
进发	1	0
概括	1	0
十	1	0
Kophes	1	0
322	1	0
一侧	1	0
共和国	1	0
女工	1	0
悬绳	1	0
台湾海峡	1	0
进献	1	0
坐镇	1	0
出兵	1	0
随从	1	0
散岛	1	0
Sakas	1	0
不远	1	0
六榕	1	0
阿拉伯地区	1	0
绝对	1	0
八十八	1	0
裔	1	0
长春	1	0
界	1	0
某些	1	0
answers	1	0
skins	1	0
旗袍	1	0
制	1	0
1428	1	0
卢文木牍	1	0
神	1	0
有史以来	1	0
305	1	0
少量	1	0
易以	1	0
杂志	1	0
宣示	1	0
平均	1	0
路可通	1	0
九千	1	0
Empire	1	0
想要	1	0
Travel	1	0
丘陵	1	0
领取	1	0
Parthians	1	0
纪录	1	0
中郎将	1	0
不正	1	0
蓄养	1	0
Kushans	1	0
王治乌	1	0
再通	1	0
出其	1	0
究竟	1	0
接下来	1	0
cloth	1	0
武丁	1	0
传话	1	0
轻柔	1	0
象	1	0
罗马城	1	0
犀	1	0
二体	1	0
风吹	1	0
1280	1	0
418	1	0
帆船	1	0
极盛	1	0
造反	1	0
弃别	1	0
迅风	1	0
下文	1	0
余	1	0
尼一世	1	0
Rann	1	0
人物形象	1	0
日南	1	0
二者之间	1	0
轻软	1	0
环王	1	0
作画	1	0
经此	1	0
湖	1	0
vessels	1	0
Bieber	1	0
贴花	1	0
疏	1	0
古地图	1	0
丝绸业	1	0
苍梧	1	0
北边	1	0
外侵	1	0
可飞	1	0
五月	1	0
结盟	1	0
该地	1	0
关键人物	1	0
尚统	1	0
雕成	1	0
刘从效	1	0
宣告	1	0
女帕姆	1	0
前要	1	0
宾人	1	0
支线	1	0
配合	1	0
时才	1	0
不难想像	1	0
XV	1	0
始得	1	0
南亚次大陆	1	0
章帝建	1	0
几经反复	1	0
狗	1	0
泉舶	1	0
topic	1	0
自东往	1	0
Sherwin	1	0
三世	1	0
等到	1	0
同胞	1	0
蚕纹	1	0
Gaobu	1	0
积	1	0
万岁	1	0
九真	1	0
Res	1	0
防腐	1	0
7000	1	0
单于	1	0
纱绫	1	0
修	1	0
游记	1	0
2007	1	0
凉州	1	0
known	1	0
梵语	1	0
第三类	1	0
1127	1	0
临夏	1	0
阿尔泰山	1	0
24.2	1	0
马六甲海峡	1	0
疑问	1	0
西胡考	1	0
Chera	1	0
山泽	1	0
暗花	1	0
懸度	1	0
遗教	1	0
Sogdiana	1	0
遗骸	1	0
何种	1	0
sweet	1	0
辑	1	0
Fendinand	1	0
Kleopatra	1	0
最新	1	0
约合	1	0
姆斯	1	0
唐开元	1	0
地基	1	0
倾向	1	0
柯	1	0
之意	1	0
四海	1	0
讹传	1	0
遍	1	0
浪潮	1	0
元老院	1	0
腐朽	1	0
University	1	0
不衰	1	0
帛	1	0
Euthydemus	1	0
众所周知	1	0
契丹	1	0
Study	1	0
富国	1	0
适逢	1	0
李邻德	1	0
打下	1	0
室利	1	0
归因于	1	0
琶	1	0
爱好者	1	0
爱琴海	1	0
二千年	1	0
术	1	0
墓旁	1	0
改明	1	0
虫	1	0
促成	1	0
触摸	1	0
吉尔吉	1	0
割裂	1	0
举止	1	0
其时	1	0
掺上	1	0
砝码	1	0
印纹	1	0
无稽之谈	1	0
第二类	1	0
九百	1	0
有钱人	1	0
分南道	1	0
连同	1	0
大一统	1	0
知悉	1	0
文化交往	1	0
造成	1	0
旅行队	1	0
丰州	1	0
弟子	1	0
意	1	0
西面	1	0
华服	1	0
尊	1	0
熟知	1	0
难题	1	0
牢笼	1	0
铸币	1	0
环山	1	0
遣门	1	0
准噶尔盆地	1	0
世世	1	0
编于	1	0
玩意儿	1	0
长袍	1	0
可通	1	0
快信	1	0
彻底消除	1	0
Little	1	0
329	1	0
蛮舶	1	0
步行	1	0
1962	1	0
年代学	1	0
甬江	1	0
a	1	0
来去匆匆	1	0
俗	1	0
康居兵	1	0
土出	1	0
半透明	1	0
刺绣	1	0
有角	1	0
Arachosia	1	0
Minnagara	1	0
Kamboj	1	0
更热	1	0
造出	1	0
东邻	1	0
政权	1	0
备其	1	0
御碑	1	0
中游	1	0
近年	1	0
梨	1	0
Nationale	1	0
荒废	1	0
棉花布	1	0
其为	1	0
turquoise	1	0
阿达纳	1	0
以佛	1	0
经身	1	0
Century	1	0
大体	1	0
不速之客	1	0
多元性	1	0
滞留	1	0
木宫	1	0
Seric	1	0
拓土	1	0
贵重品	1	0
羁縻	1	0
衣物	1	0
翕	1	0
由此而来	1	0
幅	1	0
冒顿	1	0
东海岸	1	0
喜悦	1	0
Parsidai	1	0
广常	1	0
殖民地	1	0
写	1	0
逃脱	1	0
汉置	1	0
Scythians	1	0
τ	1	0
南安县	1	0
代之	1	0
比尔	1	0
Company	1	0
件	1	0
此设	1	0
置小长	1	0
其王	1	0
乾宁	1	0
转告	1	0
霸权	1	0
锦	1	0
后生	1	0
带头	1	0
汇报	1	0
贩回	1	0
麻线	1	0
侦察队	1	0
环城	1	0
E	1	0
日渐	1	0
1968	1	0
歌童	1	0
以上	1	0
Inscription	1	0
达成协议	1	0
拉夫	1	0
呼之欲出	1	0
各自为政	1	0
1872	1	0
当事人	1	0
十八	1	0
十余日	1	0
改	1	0
大修	1	0
元为	1	0
为始	1	0
第一阶段	1	0
晋江	1	0
阿尔马	1	0
东边	1	0
扬帆	1	0
自东	1	0
需时	1	0
此率	1	0
萨迦	1	0
最短	1	0
深圳晚报	1	0
湄公河	1	0
听说	1	0
1914	1	0
雕刻	1	0
再经	1	0
三佛	1	0
738	1	0
使于	1	0
皇室	1	0
行政长官	1	0
kushan	1	0
躯体	1	0
宝马	1	0
再往	1	0
喀布尔河	1	0
横	1	0
273	1	0
首登	1	0
Menander	1	0
尼	1	0
萨卜泽	1	0
索格底	1	0
淄博	1	0
成俗	1	0
主任	1	0
伏俟城	1	0
绣	1	0
靠近	1	0
撤离	1	0
办理	1	0
1976	1	0
十六年	1	0
设	1	0
孙毓棠	1	0
皮宗	1	0
初地	1	0
匹	1	0
很长	1	0
重礼	1	0
水道	1	0
设有	1	0
pepper	1	0
丝头	1	0
大帝	1	0
王莽	1	0
吻合	1	0
碰	1	0
外力	1	0
罕有	1	0
半停	1	0
伊	1	0
诞生	1	0
绸	1	0
各种各样	1	0
Through	1	0
明初	1	0
固然会	1	0
五县	1	0
施工工艺	1	0
叫做	1	0
军侯	1	0
Diodotus	1	0
合一	1	0
主导地位	1	0
Gilgit	1	0
Biblioth	1	0
显露出来	1	0
宋廷	1	0
Rabatak	1	0
先民	1	0
汉之绎	1	0
縣度者	1	0
一铜	1	0
二十八宿	1	0
蚕蛹	1	0
不禁	1	0
贵霜开	1	0
版上	1	0
盛满	1	0
三司	1	0
359	1	0
夹击	1	0
新华社	1	0
这时候	1	0
庄重	1	0
长距离	1	0
因其	1	0
染色	1	0
退回	1	0
大夫	1	0
陈寿	1	0
四通八达	1	0
诸果	1	0
班	1	0
不得已而为之	1	0
连接起来	1	0
石勒	1	0
滋扰	1	0
极有	1	0
附属	1	0
三省通	1	0
运销	1	0
沙面	1	0
笼络	1	0
祭海	1	0
105	1	0
奴伎	1	0
gold	1	0
地质学家	1	0
四川	1	0
正对着	1	0
迦	1	0
转为	1	0
畏战	1	0
之多	1	0
阶层	1	0
生气	1	0
少数	1	0
居异	1	0
万余匹	1	0
工人	1	0
乌孙国	1	0
金银财宝	1	0
兴贩	1	0
其余	1	0
锁定	1	0
馆	1	0
广州市	1	0
稍	1	0
一口	1	0
佐证	1	0
希罗多德	1	0
哈马丹	1	0
蓝	1	0
海域	1	0
古通	1	0
蚕虫	1	0
完备	1	0
艺人	1	0
on	1	0
对比	1	0
荒漠	1	0
各线路	1	0
和帝	1	0
碑铭	1	0
Wheeler	1	0
2913	1	0
泊于	1	0
一书	1	0
该是	1	0
沿袭	1	0
Ltd	1	0
1853	1	0
南面	1	0
纵览	1	0
平凉	1	0
激波	1	0
砖	1	0
可定	1	0
归来	1	0
元帅	1	0
墓中人	1	0
旁遮普	1	0
摸得着	1	0
全境	1	0
与此有关	1	0
沙州	1	0
出蛾	1	0
异域	1	0
时至会	1	0
11.34	1	0
时有	1	0
损坏	1	0
半通	1	0
传授给	1	0
祥伯著	1	0
唐装	1	0
Dhammika	1	0
多股丝	1	0
请罪	1	0
j	1	0
2912	1	0
属实	1	0
发端	1	0
弃船	1	0
梅岭	1	0
略取	1	0
旁边	1	0
摘下来	1	0
磉	1	0
不得	1	0
历史舞台	1	0
不但	1	0
商团	1	0
文献资料	1	0
延光	1	0
主线	1	0
招兵	1	0
而已	1	0
生姜	1	0
界定	1	0
京师	1	0
人力	1	0
奇怪的是	1	0
二度	1	0
石碑	1	0
闼	1	0
发展期	1	0
侨胝	1	0
中遍植	1	0
器具	1	0
香瓷	1	0
局部	1	0
一举	1	0
却说	1	0
准许	1	0
苦盏	1	0
经卷	1	0
胡犬则	1	0
成吉思汗	1	0
造型艺术	1	0
称呼	1	0
路程	1	0
应用	1	0
文化局	1	0
扮演	1	0
吠陀	1	0
令印	1	0
夫	1	0
Kanishka	1	0
归类	1	0
织	1	0
赵汝适	1	0
红其拉甫	1	0
随宜	1	0
野兽	1	0
齐及	1	0
婀娜多姿	1	0
加绣	1	0
所称	1	0
第二阶段	1	0
辣椒	1	0
光亮	1	0
专权	1	0
Mortimer	1	0
价廉物美	1	0
光武帝	1	0
三类	1	0
古读	1	0
羌	1	0
取经	1	0
兵器	1	0
返	1	0
自古	1	0
隐藏	1	0
水晶	1	0
定论	1	0
接待	1	0
北邻	1	0
障碍	1	0
风土人情	1	0
渤海	1	0
城市居民	1	0
早已	1	0
布尔萨	1	0
康居王	1	0
巷陌	1	0
古汉语	1	0
购置	1	0
延长	1	0
1978	1	0
长子	1	0
lazuli	1	0
不难看出	1	0
html	1	0
黄铜	1	0
德语	1	0
68	1	0
唇音	1	0
只知	1	0
232	1	0
之北	1	0
不太	1	0
以贵霜	1	0
马来西亚	1	0
战士	1	0
Laodiceia	1	0
反击	1	0
著述	1	0
这批	1	0
113	1	0
最南端	1	0
1926	1	0
飘逸	1	0
射击	1	0
反面	1	0
庆功会	1	0
赛利斯	1	0
勾勒	1	0
专指	1	0
克里克	1	0
几经周折	1	0
两路	1	0
纵横	1	0
北缘	1	0
CE	1	0
姜	1	0
诛	1	0
原始	1	0
南道合	1	0
荒原	1	0
吴兴	1	0
极致	1	0
东到	1	0
74	1	0
庾	1	0
贾市	1	0
江布尔	1	0
由南向北	1	0
侯	1	0
系统	1	0
无数	1	0
促使	1	0
有据	1	0
残宽	1	0
开往	1	0
不难	1	0
五星	1	0
无高	1	0
indigo	1	0
泉州市	1	0
赛斯	1	0
另据	1	0
良种	1	0
配给	1	0
读音	1	0
无雷	1	0
杜夫村	1	0
510	1	0
海神庙	1	0
弗林尼	1	0
PL	1	0
Hellenistic	1	0
而时	1	0
乞	1	0
自从	1	0
Demetrios	1	0
西欧各国	1	0
街巷	1	0
时通	1	0
载重	1	0
花塔	1	0
Hermaios	1	0
雅典	1	0
船底	1	0
王率兵	1	0
1154	1	0
遏制	1	0
澶	1	0
人种	1	0
彭贝	1	0
刘彻	1	0
388	1	0
之皮	1	0
喜	1	0
个舶	1	0
cotton	1	0
大佛	1	0
豢	1	0
子承父业	1	0
薄	1	0
s	1	0
献给	1	0
铜器	1	0
shell	1	0
探险队	1	0
现象	1	0
估计	1	0
厄	1	0
刺	1	0
送还	1	0
汉元鼎	1	0
泰尔	1	0
力不从心	1	0
群臣	1	0
奥秘	1	0
亚里士多德	1	0
美酒	1	0
德文	1	0
东境	1	0
带回	1	0
目睹	1	0
复原	1	0
绢画	1	0
寒冷	1	0
中载	1	0
波等	1	0
辨明	1	0
3888	1	0
途中	1	0
Trade	1	0
护辖地	1	0
王审知	1	0
Centuries	1	0
秦朝	1	0
君士坦丁	1	0
传示	1	0
焉	1	0
自秦	1	0
再有	1	0
朝圣	1	0
金银珠宝	1	0
渺无人烟	1	0
以防	1	0
所产	1	0
巴达	1	0
蕃客	1	0
First	1	0
封建	1	0
蚁集	1	0
桐城	1	0
年头	1	0
进兵	1	0
indi	1	0
直径	1	0
遂止	1	0
盘	1	0
101	1	0
两处	1	0
右端	1	0
平底船	1	0
十字军	1	0
瓷	1	0
1918	1	0
独立国家	1	0
马来半岛	1	0
org	1	0
之大	1	0
壳	1	0
多位	1	0
上扬	1	0
独占	1	0
β	1	0
远国	1	0
扩城	1	0
300	1	0
C14	1	0
设关	1	0
求其	1	0
Rock	1	0
截杀	1	0
印度人	1	0
布罗	1	0
拉马迪	1	0
当为	1	0
巴蜀	1	0
起航	1	0
commerce	1	0
地络丝	1	0
乱点	1	0
草木樨	1	0
89	1	0
真丝	1	0
攻占	1	0
渊源	1	0
搜查	1	0
贡奉	1	0
552	1	0
供	1	0
若羌县	1	0
戈船	1	0
一统	1	0
非遇	1	0
以问	1	0
384	1	0
墩	1	0
建武	1	0
保证	1	0
胡犬	1	0
龙泉窑	1	0
物产丰富	1	0
吴地	1	0
郁闷	1	0
建港	1	0
荔枝	1	0
转入	1	0
洪武	1	0
狮子	1	0
输往	1	0
并列	1	0
摩尼	1	0
达大秦	1	0
以战	1	0
Bombay	1	0
重走	1	0
太仓	1	0
963	1	0
凤翔	1	0
番学	1	0
带上	1	0
malabathrum	1	0
隐瞒	1	0
内为	1	0
98	1	0
委蒲寿庚	1	0
王所遣	1	0
十三年	1	0
暗地里	1	0
食物	1	0
欧洲各国	1	0
探险	1	0
上时	1	0
无论如何	1	0
褒葬于	1	0
孵化	1	0
蒲师	1	0
相引	1	0
纷纷	1	0
阿契美尼	1	0
Seidenstrassen	1	0
发育	1	0
内河航运	1	0
巡	1	0
秦代	1	0
易服	1	0
骞	1	0
惊讶	1	0
四明山	1	0
穿著	1	0
通于	1	0
附会	1	0
僧团	1	0
歌舞伎	1	0
中央集权	1	0
染料	1	0
吐	1	0
世纪之交	1	0
lapis	1	0
退至	1	0
Early	1	0
4750	1	0
Persis	1	0
提身	1	0
饲料	1	0
拙作	1	0
116	1	0
pearls	1	0
考订	1	0
不知所云	1	0
易主	1	0
VimaTaktu	1	0
主导	1	0
补充	1	0
野	1	0
擅番舶	1	0
关闭	1	0
Approach	1	0
善	1	0
光辉	1	0
White	1	0
台斯	1	0
三服	1	0
举世闻名	1	0
译名	1	0
角色	1	0
海商	1	0
很早	1	0
十八世纪	1	0
节度使	1	0
来朝	1	0
每	1	0
装	1	0
主人	1	0
Age	1	0
又称	1	0
四周	1	0
ι	1	0
脊背	1	0
舱壁	1	0
英文	1	0
costus	1	0
暗示	1	0
从马	1	0
York	1	0
衍生	1	0
斯图加特	1	0
718	1	0
雌黄	1	0
萨莱	1	0
所属	1	0
刻赤	1	0
挥师	1	0
新出土	1	0
仅剩	1	0
东夷	1	0
结束	1	0
条枝	1	0
kapisa	1	0
2.8	1	0
布哈里	1	0
突变	1	0
王国维	1	0
凋敝	1	0
他率	1	0
往西	1	0
黑釉器	1	0
十余年	1	0
叶为	1	0
妃子	1	0
有神	1	0
相聚	1	0
数百里	1	0
鲸鱼	1	0
风力	1	0
从塞人	1	0
诣	1	0
北进	1	0
线索	1	0
明州渐	1	0
三墩	1	0
想象	1	0
渡	1	0
赐予	1	0
原产	1	0
作兵	1	0
ed	1	0
手续	1	0
凯风	1	0
丝国	1	0
宁波市	1	0
时绝	1	0
相反	1	0
Stein	1	0
画中	1	0
附于	1	0
非明帝	1	0
甚壮	1	0
余个	1	0
唐宋时	1	0
濮	1	0
收取	1	0
余货财	1	0
Some	1	0
竹岗	1	0
Nemeless	1	0
吃水	1	0
科斯岛	1	0
可言	1	0
出嫁	1	0
班勇	1	0
驰	1	0
k	1	0
巴拉巴	1	0
Ipsos	1	0
粗	1	0
祭拜	1	0
皓白	1	0
乱	1	0
天险	1	0
依据	1	0
支路	1	0
gr	1	0
命令	1	0
忙碌	1	0
代为	1	0
欲通	1	0
沦为	1	0
1381	1	0
从未	1	0
东来	1	0
河床	1	0
开关	1	0
打算	1	0
必先	1	0
NHK	1	0
Kurtch	1	0
百余	1	0
白糖	1	0
四千八百	1	0
出南道	1	0
班梁	1	0
褐彩器	1	0
禁止	1	0
达姆	1	0
完美	1	0
帝君	1	0
其人	1	0
crude	1	0
契西翁	1	0
故里	1	0
金属	1	0
Carradice	1	0
斯特雷	1	0
威德	1	0
优于	1	0
师	1	0
Kore	1	0
帕达	1	0
奇货	1	0
自以	1	0
路途遥远	1	0
珍宝	1	0
祁连山	1	0
尾随	1	0
搜刮	1	0
复灭	1	0
西南夷	1	0
累石	1	0
能疾	1	0
广三州置	1	0
土著	1	0
由明州	1	0
复次	1	0
日益频繁	1	0
水旱	1	0
秘密	1	0
MuseumBulletin	1	0
巨贾	1	0
地峡	1	0
祸	1	0
古典作品	1	0
溪谷	1	0
荞	1	0
晚唐	1	0
忽略	1	0
春初	1	0
眼花缭乱	1	0
谜团	1	0
卢没国	1	0
游玩	1	0
榆林	1	0
宠物	1	0
有迹	1	0
驭手	1	0
玆	1	0
bdellium	1	0
Arachocia	1	0
两种	1	0
惹	1	0
singingboys	1	0
方舟	1	0
尾角	1	0
贵霜所	1	0
九路	1	0
1833	1	0
扩至	1	0
激而相	1	0
动因	1	0
虔诚	1	0
迦腻色	1	0
学为	1	0
及时	1	0
红	1	0
现代汉语	1	0
1972	1	0
Alexandria	1	0
较长	1	0
脂	1	0
城邑	1	0
初到	1	0
汉地	1	0
说一说	1	0
蒲犁	1	0
诈称	1	0
重心	1	0
赵	1	0
相提并论	1	0
端的	1	0
并出	1	0
贯穿	1	0
包含	1	0
据传	1	0
趁势	1	0
玉之路	1	0
较为	1	0
国始	1	0
战船	1	0
万震	1	0
汉承秦	1	0
年建	1	0
分类	1	0
海贝	1	0
不足以	1	0
羊城	1	0
臣分	1	0
子孙	1	0
所过	1	0
手指	1	0
启程	1	0
归入	1	0
裁判	1	0
很早以前	1	0
东信	1	0
南郡	1	0
斯之战	1	0
巴库	1	0
吉木萨尔	1	0
西戎	1	0
丝绢	1	0
人流	1	0
交战	1	0
不利	1	0
出于	1	0
十二里	1	0
疆土	1	0
Persepolis	1	0
随同	1	0
前面	1	0
命其为	1	0
繁忙	1	0
站立	1	0
第三阶段	1	0
奴隶社会	1	0
Observations	1	0
施	1	0
颜师古	1	0
柔软	1	0
No.1224	1	0
西向东	1	0
某种程度	1	0
元世祖	1	0
不辞辛劳	1	0
收复	1	0
克尔曼沙	1	0
发挖	1	0
印度半岛	1	0
封泰山	1	0
总志	1	0
难兜国	1	0
兴起	1	0
极东	1	0
自保	1	0
还要	1	0
把玩	1	0
通海	1	0
横越	1	0
名词	1	0
图案	1	0
Fourteen	1	0
不得不	1	0
盛极一时	1	0
国人	1	0
多么	1	0
畏	1	0
自知	1	0
列观	1	0
梳落	1	0
湖纺	1	0
家里	1	0
充足	1	0
四至	1	0
几十年	1	0
有大秦	1	0
3166	1	0
就近	1	0
分不开	1	0
庭州	1	0
克重	1	0
灭掉	1	0
真人	1	0
对贵霜	1	0
南开大学历史系	1	0
小冰期	1	0
其术	1	0
筏	1	0
戒	1	0
惊奇	1	0
使馆	1	0
西北侧	1	0
彩绘	1	0
板瓦	1	0
Spalyrises	1	0
雪山	1	0
罗亚斯	1	0
中日	1	0
钢铁	1	0
ì	1	0
神山	1	0
气氛	0	1
列车	0	1
流入	0	2
深切	0	2
关键在于	0	1
来宾	0	4
自发	0	2
提升	0	7
致敬	0	1
服务业	0	1
智力	0	3
跟进	0	1
化解	0	2
曼	0	1
生产力	0	1
勃勃生机	0	1
门槛	0	1
友好相处	0	1
万重山	0	1
蓝图	0	5
马嘎西	0	1
天上	0	1
向海	0	1
万物	0	2
制成品	0	1
环节	0	1
赖以生存	0	1
作出努力	0	1
血源	0	1
履行	0	1
世界市场	0	2
贯彻	0	1
很难	0	1
办好事	0	1
大势	0	1
焕发	0	4
救援队	0	2
万隆会议	0	1
累积	0	1
模式	0	8
如同	0	2
高兴	0	3
检疫	0	1
家乡	0	2
接到	0	1
贡献者	0	1
客观原因	0	1
孕育	0	1
产业链	0	2
确保	0	4
行动指南	0	1
诗人	0	1
贸易壁垒	0	1
改革	0	5
代名词	0	1
检验	0	1
2020	0	2
责任	0	3
签署	0	11
计算	0	1
孔子	0	1
宏观经济	0	1
胸怀	0	1
深入开展	0	3
公网	0	9
水资源	0	1
栉风沐雨	0	1
最高	0	1
建设性	0	1
合规	0	1
陆	0	2
3000	0	1
患难与共	0	1
面向未来	0	3
张开	0	1
马都拉	0	1
交融	0	2
见面	0	2
例证	0	1
熊猫	0	1
奔行	0	1
相向	0	2
马祖	0	1
求同存异	0	3
落到实处	0	1
贸易顺差	0	1
汽车	0	1
网络化	0	1
付出	0	1
为本	0	2
两年	0	2
招投标	0	1
培训	0	5
人均收入	0	1
拓宽	0	1
共担	0	1
领土完整	0	2
取消	0	1
成蝶	0	1
幸福	0	5
之窗	0	1
一致	0	6
银行	0	2
公道	0	1
越开	0	1
部门	0	1
见成效	0	1
不可磨灭	0	1
非关税壁垒	0	1
民主协商	0	1
平台	0	17
数据	0	4
过得	0	2
植根于	0	1
崭新	0	1
精神财富	0	1
收入	0	1
纳米技术	0	1
之行	0	1
日益增长	0	1
电话	0	9
万事开头难	0	1
驻	0	1
主席	0	16
些	0	1
灌溉面积	0	1
战胜	0	1
中间	0	1
赶赴	0	1
匈塞	0	1
致以	0	1
共赢	0	12
吉达	0	1
办	0	2
事情	0	2
两国关系	0	6
环境友好	0	1
伊本	0	1
纳扎尔巴耶夫	0	7
以邻为壑	0	2
旺盛	0	1
有容乃大	0	1
专项	0	4
执行	0	1
汇总	0	2
天涯若比邻	0	1
积淀	0	2
多彩	0	1
跨越	0	7
困难	0	2
画地为牢	0	1
求索	0	1
体验	0	1
医药	0	1
举动	0	1
好消息	0	1
委员会	0	4
平衡	0	9
河海	0	1
书写	0	3
剧院	0	1
教育	0	6
肩负	0	1
受益者	0	2
手段	0	1
灾后	0	1
大漠	0	1
安全观	0	1
真诚相待	0	1
打破	0	3
名品	0	1
智能化	0	1
受灾	0	1
流利	0	1
配套	0	1
一项	0	2
完	0	1
善作	0	1
有望	0	1
充分体现	0	1
飘飞	0	1
停步	0	1
游客	0	1
并肩	0	1
鲁斯兰	0	4
多极化	0	1
指导	0	3
垒成	0	1
门户网站	0	9
赢	0	19
伏尔泰	0	1
相处	0	2
推向	0	1
交海中	0	1
妨碍	0	1
参观	0	1
短期	0	2
多项	0	3
科学技术	0	1
学	0	1
短缺	0	1
强	0	2
输送	0	1
版权所有	0	9
本届	0	6
第三	0	7
健康	0	5
生态	0	4
六大	0	1
阻挡	0	3
人间正道	0	1
限制	0	1
数不胜数	0	1
当中	0	1
第三届	0	6
中欧	0	5
强加于人	0	1
展望未来	0	1
班列	0	5
并同	0	1
淘汰	0	1
肆虐	0	1
国民待遇	0	1
主旨	0	2
赋	0	1
源泉	0	2
互学	0	8
预计	0	1
光明之路	0	1
增长	0	24
震惊	0	1
奖学金	0	8
脉搏	0	1
活化石	0	1
市场化	0	3
沙中	0	1
祝福	0	1
美称	0	1
胸襟	0	2
举措	0	6
筑牢	0	1
传承	0	3
登高	0	1
主体	0	1
效果	0	2
新窗口	0	1
资金	0	13
成语	0	1
相通	0	12
推广	0	3
顺利	0	1
富强	0	1
会同	0	2
应对	0	12
循环	0	3
繁荣富强	0	1
电站	0	2
参阅	0	1
万隆	0	2
愿景	0	1
独善其身	0	2
累计	0	2
老人	0	1
公平竞争	0	3
货物贸易	0	1
紧急	0	1
相互影响	0	1
业态	0	3
行稳	0	3
办学	0	1
深化改革	0	1
素有	0	1
2100	0	1
规划	0	15
强有力	0	1
摆在	0	1
约束	0	1
我愿	0	2
增长点	0	1
履约	0	1
均衡	0	1
热烈	0	3
安备	0	9
尽施	0	1
低碳	0	6
有利于	0	7
国度	0	1
安全	0	9
围绕	0	3
之功	0	1
四大发明	0	1
手拉手	0	1
双边	0	3
准则	0	1
胡同	0	1
血	0	1
强震	0	1
启迪	0	1
着手	0	1
严重	0	1
可控	0	2
与会代表	0	1
区域合作	0	6
排	0	1
群贤毕至	0	1
成本	0	4
国地	0	1
安排	0	4
暂时	0	1
商量	0	2
暴发	0	1
勾画	0	1
干涉	0	2
此起彼伏	0	1
法律	0	2
半个世纪	0	1
势力范围	0	1
条约	0	1
齐心协力	0	1
明天	0	1
准入	0	2
贫富差距	0	1
自由贸易	0	3
中东欧	0	1
队员	0	1
今年	0	4
几百年	0	1
连接成	0	1
创作	0	4
人才交流	0	1
空中	0	3
不论	0	1
绚烂	0	1
广泛开展	0	4
一大	0	2
政治家	0	1
国际交流	0	1
别人	0	4
从无到有	0	1
积累	0	1
运作	0	2
天坛	0	1
冼星海	0	3
各位朋友	0	4
筹备	0	2
弥合	0	1
联合国大会	0	1
定力	0	1
联合国	0	7
琥珀	0	1
大动脉	0	1
新生	0	1
80	0	1
绿色	0	28
基	0	1
动能	0	3
稀有	0	1
千秋	0	1
减灾	0	2
开绿灯	0	1
输电	0	1
红楼梦	0	1
配置	0	1
齐心	0	1
互派	0	2
邮编	0	9
病人	0	2
断链	0	1
各有特色	0	1
营造	0	7
睦邻友好	0	2
议员	0	1
主席国	0	1
血液	0	1
重担	0	1
托	0	1
去年	0	1
合理	0	3
勇敢	0	1
结下	0	1
开放型	0	6
自由贸易区	0	3
法西斯	0	1
深耕细作	0	1
仅凭	0	1
京剧	0	1
环境保护	0	2
另起炉灶	0	1
访问期间	0	1
年前	0	2
抉择	0	1
留给	0	1
财产损失	0	1
俄	0	1
放之四海而皆准	0	1
旗帜鲜明	0	1
战略伙伴	0	5
我谈	0	1
朋友圈	0	1
友好合作	0	2
驼队	0	2
联络	0	1
复合型	0	1
驰骋	0	1
社会主义	0	4
非歧视	0	1
得民心	0	1
迈进	0	1
网络安全	0	1
制度性	0	1
体会	0	2
难求	0	2
瓦莲金娜	0	4
博弈	0	2
穿越	0	3
3500	0	1
协同	0	3
相互促进	0	3
信众	0	1
常态	0	2
亚齐	0	3
论坛	0	14
新进展	0	1
雅万	0	1
妥善处理	0	1
比雷埃夫斯	0	1
大力支持	0	1
合法权益	0	2
各阶层	0	1
基于	0	1
灾区	0	8
想起	0	4
一块块	0	1
演进	0	1
盛世	0	1
和平力量	0	1
步伐	0	2
赴华	0	2
交响乐	0	1
辞	0	1
搞好	0	2
不合理	0	1
年来	0	4
趋势	0	1
造福	0	7
相伴	0	1
管理模式	0	1
山峦	0	1
内陆地区	0	1
供给	0	4
义诊	0	1
友好邻邦	0	2
同行	0	1
天文	0	1
共同体	0	22
感受	0	1
顺势	0	1
中长期	0	1
成绩	0	1
历史潮流	0	3
汶川	0	3
参与	0	21
贴	0	1
大局	0	1
阵痛	0	1
致力于	0	7
首届	0	6
难得	0	1
进出口银行	0	1
生力军	0	1
初衷	0	1
口罩	0	1
规范	0	1
筚路蓝缕	0	1
顺应时代	0	2
治理	0	8
国家元首	0	7
拔地而起	0	1
朝阳区	0	9
反而	0	1
高效	0	2
数字化	0	1
有识之士	0	1
贸易协定	0	3
集团	0	1
伸出	0	2
奏响	0	1
卫生领域	0	1
巴耶夫	0	1
美术馆	0	1
之上	0	1
桥梁	0	4
禀赋	0	1
信心	0	3
凝结为	0	1
果实	0	2
严厉打击	0	1
堪称	0	1
卫国战争	0	1
广度	0	1
继续加强	0	1
总是	0	1
议题	0	2
怀着	0	2
陆海	0	3
坚信	0	3
路路	0	1
心心相印	0	2
执法	0	2
ICP	0	9
混沌	0	1
闭幕	0	5
不断扩大	0	1
争取	0	2
春意盎然	0	1
穿行	0	1
贬值	0	1
先辈	0	5
国际经贸	0	3
本领	0	1
11040102700114	0	9
捐给	0	1
诚挚	0	2
根植	0	1
国际文教	0	1
几点	0	1
勇	0	1
莘莘学子	0	1
夜以继日	0	1
感情	0	1
国家大剧院	0	1
贸	0	1
一天	0	3
绵亘	0	2
速度	0	1
硬件	0	1
重大贡献	0	1
奋斗	0	2
出席	0	5
情趣	0	1
中华民族	0	3
上午	0	1
生产总值	0	1
促	0	1
医疗队	0	3
客观	0	2
热烈欢迎	0	3
共享	0	20
不断完善	0	1
项下	0	1
受益	0	4
高级	0	2
初心	0	1
欢聚一堂	0	1
捐助	0	1
欢迎宴会	0	1
成行	0	1
公共	0	2
其流	0	1
变革	0	6
八项	0	1
共生	0	1
届	0	1
百亿	0	1
本世纪	0	1
演讲	0	8
助困	0	1
根本性	0	1
操着	0	1
手有余香	0	1
中亚国家	0	6
+	0	10
奋斗目标	0	2
珍藏	0	1
万民	0	1
欣赏	0	1
重大项目	0	1
畅所欲言	0	2
农产品	0	2
商业化	0	1
虽会	0	1
春发	0	1
安宁	0	5
贫困落后	0	1
共商	0	13
新机遇	0	3
互信	0	7
借鉴	0	4
沿续	0	1
自然灾害	0	1
高水平	0	4
国有	0	1
美好生活	0	7
慰问	0	1
贸易总额	0	1
献血	0	1
可喜成果	0	1
国之交	0	3
易货	0	1
风清气	0	2
调整	0	2
朴素	0	1
诊治	0	1
借力	0	1
各位	0	35
调解	0	1
之手	0	1
开创	0	9
多边合作	0	5
宝贵财富	0	1
库南	0	1
金砖	0	1
网络	0	19
更广	0	2
通畅	0	1
跨海大桥	0	1
把握	0	3
创新型	0	1
规制	0	1
双翼	0	1
要用	0	1
良好环境	0	1
能源	0	7
杜环	0	1
输气管道	0	1
中方	0	18
做大	0	1
踏上	0	1
一致同意	0	1
万名	0	2
失衡	0	1
志同道合	0	1
波罗的海	0	1
前浪	0	1
活力	0	4
竞争力	0	2
无法	0	1
保障体系	0	2
变通途	0	1
共同努力	0	6
衣着	0	1
提议	0	2
并秀	0	1
阴性	0	1
依托	0	4
外溢	0	1
各级	0	1
有见	0	1
组成部分	0	1
海洋权益	0	1
创业	0	2
衷心祝愿	0	1
互认	0	1
一架	0	1
岗位	0	1
勇于	0	2
互尊	0	1
童年	0	1
认可	0	1
昨天	0	3
高峰论坛	0	50
更上一层楼	0	1
咸集	0	1
科学	0	2
后浪	0	1
小而美	0	2
负责人	0	10
小康社会	0	1
对策	0	1
女士们	0	28
现代派	0	1
站	0	4
明年	0	1
动摇	0	1
深	0	2
服务平台	0	2
100	0	8
战马	0	2
上规模	0	1
复交	0	1
民歌	0	1
地震	0	3
所有	0	8
一滴水	0	1
沿海地区	0	1
此基础	0	1
高地	0	1
一步	0	1
提供援助	0	2
纯真	0	1
脚踏实地	0	1
五	0	1
真挚	0	1
钱物	0	1
困境	0	1
手	0	1
形式多样	0	2
欣欣向荣	0	1
消费者	0	1
富裕	0	1
协议	0	13
兄长	0	1
耕耘	0	1
全方位	0	4
市场运作	0	1
工业革命	0	2
国会	0	3
疫情	0	3
65961114	0	9
多边贸易	0	1
下行	0	1
常讲	0	2
众人拾柴火焰高	0	1
审计	0	1
联系点	0	1
新潮	0	1
催生	0	1
病痛	0	1
各尽所能	0	1
做法	0	2
科学家	0	2
远亲不如近邻	0	1
咨询	0	3
废除	0	1
金融风险	0	1
1700	0	1
顺境	0	1
迪	0	1
鎏金	0	1
跳转	0	9
泗水	0	1
成长	0	1
谱写	0	3
只要	0	8
三方	0	2
救治	0	1
壮大	0	1
认证	0	1
人力资源	0	1
建设	0	126
儒家文化	0	1
普惠	0	5
平等互利	0	2
排他性	0	1
家	0	3
发展潜力	0	2
整合	0	1
于本	0	1
优势互补	0	4
印证	0	1
之策	0	1
基石	0	2
平凡	0	1
兴则	0	1
蓝天	0	1
办好	0	4
边界	0	1
细流	0	1
中蒙	0	1
金融服务	0	1
双边合作	0	3
后退	0	1
同事	0	7
毫末	0	1
科研工作	0	1
计利	0	1
人协西	0	1
我同	0	2
融洽	0	1
充分肯定	0	1
多来	0	2
一首	0	1
倡导	0	4
丰硕成果	0	2
夏令营	0	2
长期不懈	0	1
伙伴国	0	1
内在	0	1
之变	0	3
之旅	0	3
自强不息	0	1
全面	0	11
弹指一挥间	0	1
互动	0	3
一诺千金	0	1
人士	0	1
告诉	0	1
世界银行	0	2
苏尔	0	1
为的是	0	1
脚步	0	2
开幕式	0	5
共	0	20
协调	0	16
大洋洲	0	1
09	0	1
总人口	0	1
胁迫	0	1
各项	0	2
聚居地	0	1
容忍	0	1
江河	0	1
发展史	0	2
智慧	0	7
举世瞩目	0	1
而行	0	2
万水千山	0	1
正面	0	1
沉甸甸	0	1
自主	0	3
灾民	0	1
恩赐	0	1
之台	0	1
我爱你	0	1
德里	0	1
发展前景	0	1
债务	0	1
薪火相传	0	1
第一支	0	1
发扬光大	0	1
宏观政策	0	2
全球	0	24
老套路	0	1
财经	0	1
越大	0	1
登高望远	0	1
易得	0	1
开幕辞	0	2
核心	0	5
理事会	0	1
维度	0	2
高速路	0	2
创造条件	0	1
兴旺发达	0	2
债券	0	1
大方向	0	1
聚合	0	1
相隔	0	2
生于	0	1
致远	0	3
制约	0	1
向下	0	1
不断加强	0	3
飞往	0	1
外交部	0	9
功崇惟志	0	1
却成	0	1
遇到	0	2
坚持	0	32
搭建	0	7
指南	0	1
依法	0	1
谨记	0	1
名额	0	4
铁器	0	1
现代化	0	13
奔	0	1
主导权	0	1
激励	0	1
艺术节	0	3
正以	0	1
改善	0	6
各抒己见	0	1
谋发展	0	1
中来	0	1
重申	0	1
体制	0	1
新城	0	1
走深	0	2
第二届	0	8
大计	0	4
油气	0	2
场景	0	1
这一好	0	1
环保	0	4
细腻	0	2
灯塔	0	1
潜力	0	3
个人	0	4
投融资	0	2
绿灯	0	1
关切	0	2
新冠	0	1
社会制度	0	4
下去	0	1
三股	0	1
快捷	0	1
之树	0	1
抓	0	1
种族	0	2
集思广益	0	2
经验	0	5
从容	0	1
蒂格	0	1
可及	0	2
迈出	0	2
汇聚	0	2
奉行	0	4
古语	0	1
总体规划	0	2
适当	0	1
光伏	0	2
乐章	0	2
亿	0	2
讨论	0	3
政党	0	3
高度重视	0	3
乘势而上	0	1
陆联国	0	1
运转	0	1
新理念	0	2
恐怖主义	0	2
中华人民共和国外交部	0	9
住院	0	1
乱云飞渡	0	1
血型	0	4
水立方	0	1
揭示	0	2
智库	0	8
少长	0	1
老挝	0	1
间隙	0	1
关爱	0	1
干杯	0	2
犯罪	0	2
内生	0	1
累土	0	1
共同利益	0	3
总统	0	10
母亲	0	5
阻隔	0	1
城乡居民	0	1
尊重知识	0	1
对待	0	2
传递	0	4
协定	0	2
川流不息	0	1
友善	0	1
风华正茂	0	1
破茧	0	1
历久弥新	0	1
谋求	0	6
积攒	0	1
奔流	0	1
硬	0	1
苏西洛	0	7
把准	0	1
故能	0	1
管理人员	0	1
锁国	0	1
亚欧大陆桥	0	2
纷呈	0	1
强化	0	3
想尽	0	1
税收	0	4
祝酒辞	0	1
牛奶	0	1
联盟	0	10
长青	0	1
亚非	0	1
心	0	6
着力	0	10
支撑	0	4
牢记	0	1
共迎	0	1
人次	0	3
本着	0	7
观沧海	0	1
充满	0	2
输油	0	1
梦	0	1
优先	0	1
一条条	0	1
参与者	0	3
夫人	0	2
传统友谊	0	2
开幕	0	3
优化	0	1
七次	0	2
受灾国	0	1
青年人	0	2
小伙儿	0	1
一日之功	0	1
备	0	9
研修	0	1
圆满成功	0	5
抓住	0	2
累累	0	1
清醒	0	1
情	0	1
决不	0	1
86	0	9
千百年来	0	1
前进方向	0	1
征程	0	2
长矛	0	2
咬定青山不放松	0	1
四分之一	0	1
我谨	0	6
根基	0	1
一对	0	1
增进友谊	0	1
开启	0	4
价值	0	1
离不开	0	2
注重	0	1
摩洛哥	0	1
成立	0	11
精谨	0	2
流动	0	3
上天	0	1
驼铃	0	2
外资	0	3
时兴	0	1
外商投资	0	1
合作伙伴	0	6
面向	0	1
依存	0	1
时时刻刻	0	1
多远	0	1
域外	0	2
营商	0	5
勇毅	0	1
创建	0	1
刚才	0	1
闯荡	0	1
唯有	0	1
阿拜	0	1
桥	0	2
旅行家	0	1
一如既往	0	1
会议议程	0	1
意见	0	1
触景生情	0	1
行政许可	0	1
盖尔德	0	2
青春	0	3
倡议	0	25
项目选择	0	1
级	0	1
声音	0	1
画卷	0	2
给予	0	1
供应链	0	2
隔海相望	0	1
专程	0	1
知识产权	0	7
满载	0	2
多亿美元	0	1
伙伴关系	0	6
科伦坡	0	1
风雨同舟	0	1
日子	0	1
友人	0	1
互鉴	0	13
志愿者	0	1
袅袅	0	1
青年时代	0	1
中华人民共和国	0	11
2023	0	4
加大	0	2
迈向	0	1
机场	0	3
学院	0	1
不顾	0	1
彰显	0	1
顺应	0	5
议程	0	5
引发	0	1
机制化	0	1
相互合作	0	1
师生	0	2
白图	0	1
方案	0	1
产业革命	0	1
潮流	0	5
前沿	0	3
市场准入	0	2
风险	0	7
包容	0	21
从古	0	1
看望	0	1
问候	0	2
大幅	0	2
捐出	0	1
一粒	0	1
亿剂	0	1
提高	0	6
昂扬	0	1
增资	0	1
相互支持	0	6
项	0	3
瓶颈	0	6
这为	0	1
基金	0	7
几代人	0	1
从线	0	1
其间	0	1
历史进程	0	2
落后	0	2
高标准	0	6
落地生根	0	3
巴嘎	0	1
践行	0	3
赤字	0	3
波涛	0	1
844	0	1
朝着	0	2
主义精神	0	1
下自成蹊	0	1
蓬勃发展	0	1
肩	0	2
适应	0	2
保障	0	5
春华秋实	0	1
开拓进取	0	2
东盟国家	0	21
800	0	1
释放	0	2
贫病交加	0	1
国际货币基金组织	0	2
部长	0	1
世界各地	0	2
侵权行为	0	1
972	0	1
发展趋势	0	1
百业	0	1
发展壮大	0	1
一把	0	1
鸿沟	0	2
并进	0	1
令人难忘	0	1
频发	0	1
法律法规	0	2
引入	0	1
努力创造	0	1
有如	0	2
意识形态	0	1
千金	0	1
中等	0	1
补贴	0	1
物畅	0	1
2018	0	1
会聚	0	1
新增	0	2
民间组织	0	5
未来	0	18
心与心	0	1
自由化	0	4
目标	0	13
国家主权	0	1
多元	0	3
多边	0	12
游览	0	1
流淌	0	1
协商	0	6
大大降低	0	1
泰	0	1
尊严	0	1
中国式	0	1
互通有无	0	3
海啸	0	3
比喻	0	1
爱心	0	2
彼此	0	8
音乐作品	0	1
多元化	0	2
旅游	0	6
魅力	0	1
船队	0	1
句	0	1
决策	0	1
推进	0	35
货轮	0	1
周年	0	3
两国人民	0	17
并肩战斗	0	1
谚语	0	2
山水	0	1
卡达	0	1
卫生	0	5
实施	0	18
这方面	0	1
运营	0	1
展望	0	1
同舟共济	0	1
事务	0	2
惊涛骇浪	0	1
一场	0	1
南大街	0	9
老师	0	4
90%	0	1
靠	0	1
名垂青史	0	2
电子商务	0	2
高速公路	0	1
文化背景	0	1
资本	0	4
经济体	0	1
平静	0	1
数字	0	10
刻意追求	0	1
影响力	0	1
1941	0	1
充满希望	0	1
声声	0	1
北京市	0	9
就业	0	3
标准	0	7
走过	0	2
多国	0	1
阻断	0	1
东盟	0	25
历历在目	0	1
扩展	0	1
移民	0	1
这段	0	1
青年	0	19
迎接	0	1
万多名	0	1
图共赢	0	1
海运	0	1
秉持	0	2
引擎	0	1
千岛	0	1
我应	0	1
光彩	0	1
讲究	0	1
习近平	0	13
认识	0	5
双边关系	0	1
全文如下	0	2
同情	0	1
实惠	0	1
历法	0	1
即到	0	1
引领	0	8
正如	0	1
其华	0	1
！	0	59
多公里	0	1
新型	0	3
拉共体	0	1
生可	0	1
着重	0	1
增强	0	4
充分发挥	0	2
挽	0	1
古人	0	1
有助于	0	1
贩毒	0	1
外交政策	0	2
梭罗	0	1
山峰	0	1
莫夫	0	1
共建	0	92
前锋	0	1
确定	0	1
讲信修睦	0	1
当代人	0	1
本币	0	2
省	0	1
时节	0	2
第一站	0	1
共存	0	3
关键环节	0	1
温暖	0	1
从愿景	0	1
1955	0	1
祝	0	3
指明方向	0	1
大雁	0	1
共同愿望	0	1
事实证明	0	1
唇齿相依	0	2
新诗	0	1
铜蚕	0	1
辛苦	0	1
单边制裁	0	1
拉近	0	3
后面	0	1
商店	0	1
效应	0	3
观察员	0	1
兑换	0	1
石头	0	1
起于	0	1
本次	0	5
互利	0	17
海内存知己	0	1
东盟自由贸易区	0	1
最大公约数	0	1
标识码	0	9
圆桌	0	13
福祉	0	5
千古佳话	0	1
四位一体	0	1
工商界	0	1
非政府	0	1
献计献策	0	1
缔结	0	1
助力	0	1
正确	0	2
流通	0	3
度过	0	1
巨大力量	0	1
伟业	0	2
聚首	0	1
篇章	0	2
内外	0	1
灵感	0	1
视角	0	1
缩短	0	1
数千个	0	1
你	0	5
当计	0	1
相互依存	0	2
广泛支持	0	1
九层	0	1
独具特色	0	1
06038296	0	9
中老	0	1
议长	0	1
民族英雄	0	1
心连心	0	2
大坝	0	1
会议	0	12
精彩纷呈	0	1
体育	0	3
重重	0	1
迟到	0	1
成效	0	1
任何一方	0	1
尊重	0	8
陌生	0	1
愿向	0	1
摒弃	0	1
医疗	0	1
新兴	0	1
五项原则	0	1
指明	0	1
跨境	0	3
每次	0	1
上下	0	1
源远流长	0	1
莱布尼茨	0	1
太平	0	1
信号	0	1
收获	0	5
保护主义	0	4
良好	0	6
峰会	0	15
全人类	0	1
发表	0	3
团结一心	0	1
长城	0	1
相比	0	1
家喻户晓	0	1
眼前	0	1
美好未来	0	9
愿同	0	15
大力加强	0	1
讲过	0	1
投资银行	0	3
零	0	1
议会	0	3
对方	0	3
音乐教育	0	1
结算	0	2
相望	0	1
实打实	0	1
北海	0	1
流向	0	1
金融危机	0	3
起飞	0	1
2019	0	7
提高效率	0	1
隔阂	0	1
家园	0	5
谈	0	1
架设	0	2
全球性	0	2
民众	0	6
天上掉	0	1
投入	0	1
古典名著	0	1
良渚	0	1
灾害	0	1
初步	0	1
法治	0	1
展览会	0	1
引导	0	1
孩子	0	2
尊敬	0	10
实景图	0	1
亘古	0	1
高质量	0	18
主题	0	4
重复	0	1
金融	0	15
进取精神	0	1
栋梁	0	1
片断	0	1
后代人	0	1
探讨	0	4
场分	0	1
互利互惠	0	1
秋天	0	1
开	0	1
2500	0	2
新篇章	0	1
战略	0	15
283	0	1
外资企业	0	1
英格兰	0	1
小型	0	1
表示感谢	0	2
大家庭	0	1
大都市	0	2
两廊	0	1
积聚	0	1
2024	0	1
冷战	0	1
面前	0	1
更大	0	8
产业	0	14
群众	0	2
亿美元	0	7
战时	0	1
职业	0	1
十分高兴	0	2
和平友好	0	1
温馨	0	1
架飞机	0	1
东南亚地区	0	1
骤然	0	1
福泽	0	1
扩大开放	0	2
深入	0	8
排除	0	1
伊尔	0	1
道理	0	2
光明	0	3
佳话	0	1
互帮互助	0	1
经济社会	0	4
人才	0	1
这片	0	3
觉得	0	1
各界	0	3
金字塔	0	1
大步	0	1
联动	0	4
100701	0	9
积极支持	0	3
亿元	0	8
底色	0	1
中国进出口银行	0	1
无偿献血	0	1
推出	0	1
美美	0	2
物流网	0	1
反腐	0	1
标志性	0	2
外方	0	1
担当	0	2
后续	0	1
立足	0	1
５	0	1
辛勤工作	0	1
危险	0	1
扎扎实实	0	2
短短	0	2
主力军	0	1
第四	0	5
朋友	0	46
帆影	0	1
回忆	0	1
诗篇	0	2
观念	0	1
资源	0	6
充分说明	0	2
智能	0	2
全体	0	2
国情	0	4
水电站	0	1
正常	0	1
徜徉	0	1
坚韧不拔	0	1
向外看	0	1
美好时光	0	1
繁华	0	1
参加	0	4
初具规模	0	1
坚定	0	4
汇率	0	3
不够	0	1
梦想	0	5
援手	0	1
丰硕	0	4
种子	0	1
正义	0	1
真诚	0	2
亚太经合组织	0	1
不结盟	0	1
陈列	0	1
原则	0	15
市场监管	0	1
遇见	0	1
播撒	0	1
行动计划	0	4
金融市场	0	1
不懈努力	0	2
民族解放	0	1
集聚	0	2
进展	0	4
融资	0	17
两国同	0	1
更好	0	12
残疾人	0	2
之战	0	1
急需	0	1
在座	0	5
宣布	0	8
各施	0	1
商谈	0	1
生命	0	3
修改	0	1
古港	0	1
交响诗	0	1
1300	0	1
反腐败	0	3
大潮	0	1
管理	0	1
世贸组织	0	1
赖之以	0	2
周年纪念	0	1
贵校	0	1
加剧	0	1
六廊	0	1
铁路	0	12
迈着	0	1
快乐	0	1
互联网	0	2
航班	0	2
甘苦与共	0	1
大海	0	3
扭曲	0	1
进来	0	1
靠着	0	1
友好使者	0	1
有待	0	1
一边	0	1
奋发努力	0	1
民心	0	9
法规	0	1
学生	0	2
领导人	0	6
主办	0	1
合作项目	0	10
一大批	0	4
技术转让	0	1
无以至千里	0	1
钥匙	0	1
联合公报	0	2
弥足珍贵	0	1
国家博物馆	0	1
贵国	0	1
巩固	0	2
善始善终	0	1
开发性	0	1
维护	0	7
民主	0	1
跨	0	3
规划图	0	1
群体	0	4
计算机	0	1
继往开来	0	2
两千多年	0	3
先行	0	1
符合	0	6
利炮	0	2
一座座	0	3
商签	0	2
制造业	0	3
回首	0	2
软件	0	1
建交	0	1
在实践中	0	1
投资	0	30
抵御	0	1
一步一个脚印	0	1
齐聚	0	1
通达	0	1
逻辑	0	1
业广惟勤	0	1
邀请	0	5
鼓励	0	6
风雨	0	1
神圣	0	1
确立	0	2
洼地	0	1
朝气	0	1
大写意	0	1
当今世界	0	3
构建	0	17
文件	0	2
可持续性	0	3
以新	0	2
纵观	0	1
法治化	0	2
大通道	0	5
扛	0	1
患病	0	1
价值链	0	2
两人	0	1
高级别	0	3
腾飞	0	1
工厂	0	2
中哈	0	7
杭州市	0	1
携手	0	16
科技交流	0	1
八	0	1
写下	0	1
总之	0	1
科技园区	0	2
十国集团	0	1
新一轮	0	2
人文	0	15
企业家	0	3
扬帆远航	0	1
聚焦	0	6
其数	0	1
相互尊重	0	4
同学	0	5
监管	0	1
商业秘密	0	1
血脉	0	2
标本兼治	0	1
一首歌	0	1
相互信任	0	1
六	0	1
蒸蒸日上	0	1
深化	0	18
正站	0	3
利在	0	1
争端	0	1
定期	0	1
外部	0	1
孤烟	0	1
后浪推前浪	0	1
结婚	0	1
副议长	0	1
凝聚	0	3
政府首脑	0	7
夙愿	0	1
逐步形成	0	2
兴衰	0	1
劈波斩浪	0	1
百花齐放	0	1
国际联盟	0	3
差距	0	3
风拥	0	1
等值	0	1
能量	0	1
工笔画	0	4
600	0	1
廉洁	0	11
古都	0	1
通信	0	4
缩减	0	1
质量	0	3
泽被	0	1
良性	0	1
事迹	0	1
单个	0	1
内政	0	1
美好	0	13
汇集	0	2
承载	0	4
总	0	1
北京	0	19
老伴	0	1
能源技术	0	1
不积跬步	0	1
一路	0	213
当前	0	7
以点带面	0	1
增效	0	1
知识	0	6
振兴	0	2
国事访问	0	1
祝愿	0	2
消除	0	4
工坊	0	2
南南合作	0	2
安康	0	1
坚船	0	2
第四次	0	1
经济带	0	3
思维	0	1
瓜达尔	0	1
长江流域	0	1
信用	0	1
华彩	0	1
产能	0	5
普遍认为	0	2
余震	0	1
蔓延	0	1
抗击	0	4
土壤	0	2
人民币	0	11
电力	0	2
新天地	0	1
加里曼丹	0	1
宝船	0	2
导向	0	4
落实	0	8
深层次	0	1
印记	0	1
等待	0	1
记者	0	4
绘制	0	3
气候变化	0	3
贡献力量	0	1
2030	0	6
电商	0	2
国际化	0	2
后卫	0	1
好日子	0	1
人工智能	0	3
过剩	0	1
新起点	0	1
携起手来	0	2
亲如手足	0	1
秋收	0	1
孟夏之日	0	1
点子	0	1
壮阔	0	1
安居乐业	0	1
机制	0	19
京	0	18
　	0	635
中起	0	1
利益	0	8
发出	0	1
小圈子	0	1
实质	0	1
解放	0	1
征管	0	1
儿童	0	1
阳光	0	1
持续增长	0	1
直奔	0	1
新动力	0	6
民意基础	0	2
石榴	0	1
蛋糕	0	1
每周	0	1
清理	0	1
干涸	0	1
千古	0	1
走实	0	2
光明行	0	1
嘉宾	0	6
－	0	1
跨国	0	2
国有企业	0	1
04	0	3
年内	0	1
公平	0	3
今后	0	3
2028	0	1
满江红	0	1
工匠	0	1
发展中国家	0	8
货币流通	0	1
危机	0	1
增大	0	1
手术	0	1
诚信为本	0	1
资源配置	0	1
应急	0	1
思考	0	2
衰	0	1
航空	0	1
前方	0	1
全球化	0	8
严峻	0	2
集中精力	0	1
回荡	0	1
培育	0	2
独一无二	0	1
感谢	0	2
深度	0	4
起源	0	1
蜂蜜	0	1
窗口	0	1
积水成渊	0	1
医院	0	1
波折	0	1
勇气	0	1
采购	0	2
百花	0	1
朝气蓬勃	0	1
勤劳	0	3
陕西历史博物馆	0	1
互联互通	0	34
同步	0	1
粮食	0	1
层次	0	1
对外开放	0	5
多种形式	0	1
负面	0	2
成员国	0	2
享誉	0	1
音乐家	0	2
企业	0	10
独立自主	0	2
快速	0	2
影视	0	1
务当	0	1
形式	0	3
结伴	0	2
前所未有	0	2
之道	0	1
设施	0	8
康复	0	1
分配	0	1
情谊	0	2
盛况	0	1
十几年	0	1
玫瑰	0	1
特色	0	4
漓江	0	1
结构调整	0	1
相声	0	1
合力	0	4
到访	0	1
装备	0	2
传向	0	1
探寻	0	1
办成	0	1
容易	0	1
畔	0	2
贫困	0	2
努力实现	0	3
不绝	0	1
制订	0	1
非盟	0	2
千年	0	5
推倒重来	0	1
感人	0	2
共识	0	9
成型	0	1
转达	0	1
高铁	0	1
迟早	0	1
贷款	0	3
Ｈ	0	1
正值	0	1
实践	0	5
牢固	0	2
走出	0	4
骨架	0	3
分歧	0	2
交通运输	0	2
记者会	0	2
万亿美元	0	4
脱钩	0	1
惠及	0	4
谈得来	0	1
举目无亲	0	1
新台阶	0	1
守望相助	0	3
滚滚	0	1
图书馆	0	1
结构性	0	3
风貌	0	1
相爱	0	1
顺畅	0	1
救灾	0	1
布局	0	1
依然	0	1
艰苦奋斗	0	1
向往	0	4
奋进	0	1
金钱	0	1
力度	0	1
达尔	0	1
黑石	0	1
生子	0	1
基础设施	0	20
地缘	0	3
试验区	0	1
快	0	3
增添	0	1
打造	0	14
信息化	0	1
讲求	0	1
杜绝	0	1
签证	0	1
从来	0	3
宁静	0	1
和谐	0	6
中国共产党	0	1
政治经济	0	1
积极意义	0	1
前景	0	4
基建	0	2
视野	0	1
决议	0	1
疫苗	0	2
量子	0	1
善意	0	2
和平共处	0	2
历久弥坚	0	1
言而有信	0	1
实验室	0	4
故宫	0	1
万公顷	0	1
诠释	0	1
扎实	0	1
小集团	0	1
公正	0	2
险滩	0	1
题为	0	2
提笔	0	1
通关	0	1
控股	0	1
你们	0	3
一圈	0	1
贯彻落实	0	1
万个	0	4
对照	0	1
控股公司	0	1
真心	0	1
抓好	0	1
期待	0	11
不公	0	1
特大	0	2
第二个	0	1
1500	0	1
亲切	0	1
经贸合作	0	2
多层次	0	4
经营者	0	2
欧盟	0	2
多佳日	0	1
最快	0	1
一点一滴	0	1
航天	0	1
善成	0	1
团体	0	1
舒心	0	1
政	0	1
雁栖湖	0	4
晚上	0	2
筹建	0	1
旅客	0	1
鲁班	0	2
防长	0	1
海外基金	0	1
方方面面	0	1
主义	0	2
决定性	0	1
架起	0	2
主导作用	0	1
扇	0	1
降低	0	4
梭罗河	0	2
2017	0	9
战乱	0	1
与会	0	1
唐宋元	0	1
家境	0	1
出新	0	1
逆流	0	1
坚定不移	0	3
翻一番	0	1
天里	0	1
群岛	0	1
团结	0	1
立体	0	1
潜能	0	1
芭蕾舞	0	1
相亲	0	5
负责	0	1
干	0	2
六路	0	1
山水相连	0	2
方兴未艾	0	1
捐款捐物	0	1
深情厚谊	0	2
价格合理	0	2
期盼	0	2
一体化	0	1
管道	0	2
生机	0	1
一张	0	1
助医	0	1
多方	0	1
万人次	0	2
合抱之木	0	1
互为补充	0	1
投资者	0	1
相遇	0	3
更为重要	0	1
投身	0	1
择	0	1
保护	0	9
所长	0	2
分享	0	4
秘书处	0	1
精神面貌	0	1
山间	0	1
劲风	0	1
碰到	0	1
树立	0	1
核心内容	0	1
点亮	0	1
加快	0	6
思想家	0	2
校长	0	1
一道	0	13
中共	0	2
大家	0	37
百年	0	1
安危与共	0	1
战略部署	0	1
大会	0	5
讲话	0	1
拉美	0	1
深受感动	0	1
独资经营	0	1
人为	0	1
民生	0	10
早日	0	1
夯实	0	2
推崇	0	1
建设者	0	2
歌词	0	1
金融机构	0	5
和睦	0	1
看着	0	1
蓬勃	0	1
国与国	0	2
紧张	0	1
记忆	0	1
海关	0	2
来源国	0	1
邻邦	0	1
园区	0	4
陶冶情操	0	1
沧桑	0	1
祈愿	0	1
地址	0	9
过上	0	1
壮丽	0	1
互补	0	1
鸟巢	0	1
生态环境	0	1
不设	0	1
牢牢	0	2
举杯	0	2
第五	0	5
一曲曲	0	1
强劲	0	5
音讯	0	1
朝阳门	0	9
共进	0	1
联合国安理会	0	1
讲	0	1
毗邻	0	1
架构	0	2
专业	0	2
意气相投	0	1
兼容	0	2
斡旋	0	1
统筹	0	2
2016	0	1
当天	0	1
百事	0	1
坝	0	1
不断前进	0	1
息息相关	0	1
清洁	0	1
相互理解	0	2
积极响应	0	1
战略目标	0	1
肩负着	0	1
小城	0	1
换来	0	1
便利化	0	11
多样性	0	2
实实在在	0	4
表达	0	2
优质	0	1
进出口额	0	1
领导	0	3
Ｒ	0	1
聚沙成塔	0	1
翅膀	0	1
惠民	0	6
矛盾	0	1
低迷	0	1
多港	0	1
桃李不言	0	1
一扇	0	1
这届	0	1
海纳百川	0	2
运行	0	1
业务	0	1
反恐	0	1
广大	0	2
第三方	0	2
瞬间	0	1
谋	0	1
实体	0	2
务实	0	19
相知	0	2
冲突	0	3
赠人	0	1
防灾	0	1
打开	0	4
达成	0	7
大学	0	5
相辅相成	0	1
终	0	1
向前	0	5
亚吉	0	1
福利	0	1
大桥	0	1
施舍	0	1
共创	0	3
于途	0	1
其本者	0	1
本	0	7
不由	0	1
三位一体	0	1
框架	0	6
国家开发银行	0	2
陆海空	0	1
感到	0	3
崇高	0	1
传诵	0	3
势头	0	1
港航	0	1
对抗	0	2
贸易额	0	1
子孙后代	0	1
bm02000004	0	9
邻居	0	2
谢谢	0	7
启示	0	1
一家亲	0	1
平等	0	4
作出	0	16
心灵	0	1
全部	0	1
海南大学	0	1
康庄大道	0	1
信任	0	1
